
default.elf:     file format elf32-avr

Sections:
Idx Name          Size      VMA       LMA       File off  Algn  Flags
  0 .text         0000006c  00000000  00000000  00000074  2**1  CONTENTS, ALLOC, LOAD, READONLY, CODE, KEEP
  1 .data         00000000  00800060  00800060  000014e2  2**0  ALLOC, LOAD, DATA, KEEP
  2 .comment      0000005b  00000000  00000000  000014e2  2**0  CONTENTS, READONLY
  3 .stack.descriptors.hdr 0000010a  00000000  00000000  0000153d  2**0  CONTENTS, READONLY
  4 .debug_aranges 000000c8  00000000  00000000  00001647  2**0  CONTENTS, READONLY, DEBUGGING
  5 .debug_info   00001537  00000000  00000000  0000170f  2**0  CONTENTS, READONLY, DEBUGGING
  6 .debug_abbrev 000007fc  00000000  00000000  00002c46  2**0  CONTENTS, READONLY, DEBUGGING
  7 .debug_line   00000a6c  00000000  00000000  00003442  2**0  CONTENTS, READONLY, DEBUGGING
  8 .debug_frame  00000254  00000000  00000000  00003eb0  2**2  CONTENTS, READONLY, DEBUGGING
  9 .debug_str    000001a6  00000000  00000000  00004104  2**0  CONTENTS, READONLY, DEBUGGING
 10 .debug_ranges 000000b0  00000000  00000000  000042aa  2**0  CONTENTS, READONLY, DEBUGGING
 11 .text         00000004  00001460  00001460  000014d4  2**1  CONTENTS, ALLOC, LOAD, READONLY, CODE
 12 .note.gnu.avr.deviceinfo 0000003c  00000000  00000000  0000435c  2**2  CONTENTS, READONLY, DEBUGGING
 13 .text.I2C_Init 00000084  0000103e  0000103e  000010b2  2**1  CONTENTS, ALLOC, LOAD, READONLY, CODE
 14 .text.I2C_Start 00000028  0000135c  0000135c  000013d0  2**1  CONTENTS, ALLOC, LOAD, READONLY, CODE
 15 .text.I2C_Stop 00000210  00000c7c  00000c7c  00000cf0  2**1  CONTENTS, ALLOC, LOAD, READONLY, CODE
 16 .text.I2C_Write 00000038  00001240  00001240  000012b4  2**1  CONTENTS, ALLOC, LOAD, READONLY, CODE
 17 .text.I2C_ReadAck 0000002e  000012ac  000012ac  00001320  2**1  CONTENTS, ALLOC, LOAD, READONLY, CODE
 18 .text.I2C_ReadNack 0000002e  000012da  000012da  0000134e  2**1  CONTENTS, ALLOC, LOAD, READONLY, CODE
 19 .text.SPI_MasterInit 00000050  00001120  00001120  00001194  2**1  CONTENTS, ALLOC, LOAD, READONLY, CODE
 20 .text.SPI_Transfer 00000034  00001278  00001278  000012ec  2**1  CONTENTS, ALLOC, LOAD, READONLY, CODE
 21 .text.SPI_SelectSlave 00000022  00001384  00001384  000013f8  2**1  CONTENTS, ALLOC, LOAD, READONLY, CODE
 22 .text.SPI_DeselectSlave 00000022  000013a6  000013a6  0000141a  2**1  CONTENTS, ALLOC, LOAD, READONLY, CODE
 23 .text.BCDToDec 0000002a  00001308  00001308  0000137c  2**1  CONTENTS, ALLOC, LOAD, READONLY, CODE
 24 .text.RTC_Init 0000002a  00001332  00001332  000013a6  2**1  CONTENTS, ALLOC, LOAD, READONLY, CODE
 25 .text.main    00000c10  0000006c  0000006c  000000e0  2**1  CONTENTS, ALLOC, LOAD, READONLY, CODE
 26 .text.libgcc.div 00000044  000011b8  000011b8  0000122c  2**1  CONTENTS, ALLOC, LOAD, READONLY, CODE
 27 .text         0000000a  00001436  00001436  000014aa  2**1  CONTENTS, ALLOC, LOAD, READONLY, CODE
 28 .text         00000008  0000144a  0000144a  000014be  2**1  CONTENTS, ALLOC, LOAD, READONLY, CODE
 29 .text         000000de  00000e8c  00000e8c  00000f00  2**1  CONTENTS, ALLOC, LOAD, READONLY, CODE
 30 .text         0000005e  000010c2  000010c2  00001136  2**1  CONTENTS, ALLOC, LOAD, READONLY, CODE
 31 .text         00000048  00001170  00001170  000011e4  2**1  CONTENTS, ALLOC, LOAD, READONLY, CODE
 32 .text         0000000c  0000142a  0000142a  0000149e  2**1  CONTENTS, ALLOC, LOAD, READONLY, CODE
 33 .text         00000006  0000145a  0000145a  000014ce  2**1  CONTENTS, ALLOC, LOAD, READONLY, CODE
 34 .text         0000000e  00001400  00001400  00001474  2**1  CONTENTS, ALLOC, LOAD, READONLY, CODE
 35 .text         0000000e  0000140e  0000140e  00001482  2**1  CONTENTS, ALLOC, LOAD, READONLY, CODE
 36 .text         00000022  000013c8  000013c8  0000143c  2**1  CONTENTS, ALLOC, LOAD, READONLY, CODE
 37 .text         00000044  000011fc  000011fc  00001270  2**1  CONTENTS, ALLOC, LOAD, READONLY, CODE
 38 .text         0000000e  0000141c  0000141c  00001490  2**1  CONTENTS, ALLOC, LOAD, READONLY, CODE
 39 .text         0000000a  00001440  00001440  000014b4  2**1  CONTENTS, ALLOC, LOAD, READONLY, CODE
 40 .text         00000008  00001452  00001452  000014c6  2**1  CONTENTS, ALLOC, LOAD, READONLY, CODE
 41 .text         000000d4  00000f6a  00000f6a  00000fde  2**1  CONTENTS, ALLOC, LOAD, READONLY, CODE
 42 .text.__dummy_fini 00000002  00001468  00001468  000014dc  2**1  CONTENTS, ALLOC, LOAD, READONLY, CODE, KEEP
 43 .text.__dummy_funcs_on_exit 00000002  0000146a  0000146a  000014de  2**1  CONTENTS, ALLOC, LOAD, READONLY, CODE
 44 .text.__dummy_simulator_exit 00000002  0000146c  0000146c  000014e0  2**1  CONTENTS, ALLOC, LOAD, READONLY, CODE
 45 .text.exit    00000016  000013ea  000013ea  0000145e  2**1  CONTENTS, ALLOC, LOAD, READONLY, CODE
 46 .text._Exit   00000004  00001464  00001464  000014d8  2**1  CONTENTS, ALLOC, LOAD, READONLY, CODE

Disassembly of section .text:

00000000 <__vectors>:
__vectors():
../../../../crt1/gcrt1.S:65
   0:	0c 94 2a 00 	jmp	0x54	; 0x54 <__ctors_end>
../../../../crt1/gcrt1.S:67
   4:	0c 94 30 0a 	jmp	0x1460	; 0x1460 <__bad_interrupt>
../../../../crt1/gcrt1.S:68
   8:	0c 94 30 0a 	jmp	0x1460	; 0x1460 <__bad_interrupt>
../../../../crt1/gcrt1.S:69
   c:	0c 94 30 0a 	jmp	0x1460	; 0x1460 <__bad_interrupt>
../../../../crt1/gcrt1.S:71
  10:	0c 94 30 0a 	jmp	0x1460	; 0x1460 <__bad_interrupt>
../../../../crt1/gcrt1.S:72
  14:	0c 94 30 0a 	jmp	0x1460	; 0x1460 <__bad_interrupt>
../../../../crt1/gcrt1.S:73
  18:	0c 94 30 0a 	jmp	0x1460	; 0x1460 <__bad_interrupt>
../../../../crt1/gcrt1.S:74
  1c:	0c 94 30 0a 	jmp	0x1460	; 0x1460 <__bad_interrupt>
../../../../crt1/gcrt1.S:75
  20:	0c 94 30 0a 	jmp	0x1460	; 0x1460 <__bad_interrupt>
../../../../crt1/gcrt1.S:76
  24:	0c 94 30 0a 	jmp	0x1460	; 0x1460 <__bad_interrupt>
../../../../crt1/gcrt1.S:77
  28:	0c 94 30 0a 	jmp	0x1460	; 0x1460 <__bad_interrupt>
../../../../crt1/gcrt1.S:78
  2c:	0c 94 30 0a 	jmp	0x1460	; 0x1460 <__bad_interrupt>
../../../../crt1/gcrt1.S:79
  30:	0c 94 30 0a 	jmp	0x1460	; 0x1460 <__bad_interrupt>
../../../../crt1/gcrt1.S:80
  34:	0c 94 30 0a 	jmp	0x1460	; 0x1460 <__bad_interrupt>
../../../../crt1/gcrt1.S:81
  38:	0c 94 30 0a 	jmp	0x1460	; 0x1460 <__bad_interrupt>
../../../../crt1/gcrt1.S:82
  3c:	0c 94 30 0a 	jmp	0x1460	; 0x1460 <__bad_interrupt>
../../../../crt1/gcrt1.S:83
  40:	0c 94 30 0a 	jmp	0x1460	; 0x1460 <__bad_interrupt>
../../../../crt1/gcrt1.S:84
  44:	0c 94 30 0a 	jmp	0x1460	; 0x1460 <__bad_interrupt>
../../../../crt1/gcrt1.S:85
  48:	0c 94 30 0a 	jmp	0x1460	; 0x1460 <__bad_interrupt>
../../../../crt1/gcrt1.S:86
  4c:	0c 94 30 0a 	jmp	0x1460	; 0x1460 <__bad_interrupt>
../../../../crt1/gcrt1.S:87
  50:	0c 94 30 0a 	jmp	0x1460	; 0x1460 <__bad_interrupt>

00000054 <__ctors_end>:
.dinit():
../../../../crt1/gcrt1.S:285
  54:	11 24       	eor	r1, r1
../../../../crt1/gcrt1.S:286
  56:	1f be       	out	0x3f, r1	; 63
../../../../crt1/gcrt1.S:287
  58:	cf e5       	ldi	r28, 0x5F	; 95
../../../../crt1/gcrt1.S:296
  5a:	d8 e0       	ldi	r29, 0x08	; 8
../../../../crt1/gcrt1.S:297
  5c:	de bf       	out	0x3e, r29	; 62
../../../../crt1/gcrt1.S:299
  5e:	cd bf       	out	0x3d, r28	; 61
../../../../crt1/gcrt1.S:369
  60:	0e 94 36 00 	call	0x6c	; 0x6c <_etext>
../../../../crt1/gcrt1.S:370
  64:	0c 94 f5 09 	jmp	0x13ea	; 0x13ea <exit>

00000068 <_exit>:
_exit():
  68:	f8 94       	cli

0000006a <__stop_program>:
__stop_program():
  6a:	ff cf       	rjmp	.-2      	; 0x6a <__stop_program>

Disassembly of section .text:

00001460 <__bad_interrupt>:
__vector_1():
../../../../crt1/gcrt1.S:211
    1460:	0c 94 00 00 	jmp	0	; 0x0 <__TEXT_REGION_ORIGIN__>

Disassembly of section .text.I2C_Init:

0000103e <I2C_Init>:
I2C_Init():
/home/mahmoud/Documents/faculty-temps/4th-year/semester-1/labs/lab1/communication-atmega32/atmega32-master/driver/I2C.c:4
#include "I2C.h"
#include <util/delay.h>

void I2C_Init(uint32_t f_cpu, uint32_t scl_freq) {
    103e:	0f 93       	push	r16
    1040:	1f 93       	push	r17
    1042:	cf 93       	push	r28
    1044:	df 93       	push	r29
    1046:	cd b7       	in	r28, 0x3d	; 61
    1048:	de b7       	in	r29, 0x3e	; 62
    104a:	28 97       	sbiw	r28, 0x08	; 8
    104c:	0f b6       	in	r0, 0x3f	; 63
    104e:	f8 94       	cli
    1050:	de bf       	out	0x3e, r29	; 62
    1052:	0f be       	out	0x3f, r0	; 63
    1054:	cd bf       	out	0x3d, r28	; 61
    1056:	69 83       	std	Y+1, r22	; 0x01
    1058:	7a 83       	std	Y+2, r23	; 0x02
    105a:	8b 83       	std	Y+3, r24	; 0x03
    105c:	9c 83       	std	Y+4, r25	; 0x04
    105e:	2d 83       	std	Y+5, r18	; 0x05
    1060:	3e 83       	std	Y+6, r19	; 0x06
    1062:	4f 83       	std	Y+7, r20	; 0x07
    1064:	58 87       	std	Y+8, r21	; 0x08
/home/mahmoud/Documents/faculty-temps/4th-year/semester-1/labs/lab1/communication-atmega32/atmega32-master/driver/I2C.c:5
    TWSR = 0x00; /* Prescaler = 1 */
    1066:	81 e2       	ldi	r24, 0x21	; 33
    1068:	90 e0       	ldi	r25, 0x00	; 0
    106a:	fc 01       	movw	r30, r24
    106c:	10 82       	st	Z, r1
/home/mahmoud/Documents/faculty-temps/4th-year/semester-1/labs/lab1/communication-atmega32/atmega32-master/driver/I2C.c:6
    TWBR = (uint8_t)(((f_cpu / scl_freq) - 16) / 2);
    106e:	00 e2       	ldi	r16, 0x20	; 32
    1070:	10 e0       	ldi	r17, 0x00	; 0
    1072:	89 81       	ldd	r24, Y+1	; 0x01
    1074:	9a 81       	ldd	r25, Y+2	; 0x02
    1076:	ab 81       	ldd	r26, Y+3	; 0x03
    1078:	bc 81       	ldd	r27, Y+4	; 0x04
    107a:	2d 81       	ldd	r18, Y+5	; 0x05
    107c:	3e 81       	ldd	r19, Y+6	; 0x06
    107e:	4f 81       	ldd	r20, Y+7	; 0x07
    1080:	58 85       	ldd	r21, Y+8	; 0x08
    1082:	bc 01       	movw	r22, r24
    1084:	cd 01       	movw	r24, r26
    1086:	0e 94 dc 08 	call	0x11b8	; 0x11b8 <__udivmodsi4>
    108a:	da 01       	movw	r26, r20
    108c:	c9 01       	movw	r24, r18
    108e:	40 97       	sbiw	r24, 0x10	; 16
    1090:	a1 09       	sbc	r26, r1
    1092:	b1 09       	sbc	r27, r1
    1094:	b6 95       	lsr	r27
    1096:	a7 95       	ror	r26
    1098:	97 95       	ror	r25
    109a:	87 95       	ror	r24
    109c:	f8 01       	movw	r30, r16
    109e:	80 83       	st	Z, r24
/home/mahmoud/Documents/faculty-temps/4th-year/semester-1/labs/lab1/communication-atmega32/atmega32-master/driver/I2C.c:7
    TWCR = (1 << TWEN); /* Enable TWI */
    10a0:	86 e5       	ldi	r24, 0x56	; 86
    10a2:	90 e0       	ldi	r25, 0x00	; 0
    10a4:	24 e0       	ldi	r18, 0x04	; 4
    10a6:	fc 01       	movw	r30, r24
    10a8:	20 83       	st	Z, r18
/home/mahmoud/Documents/faculty-temps/4th-year/semester-1/labs/lab1/communication-atmega32/atmega32-master/driver/I2C.c:8
}
    10aa:	00 00       	nop
    10ac:	28 96       	adiw	r28, 0x08	; 8
    10ae:	0f b6       	in	r0, 0x3f	; 63
    10b0:	f8 94       	cli
    10b2:	de bf       	out	0x3e, r29	; 62
    10b4:	0f be       	out	0x3f, r0	; 63
    10b6:	cd bf       	out	0x3d, r28	; 61
    10b8:	df 91       	pop	r29
    10ba:	cf 91       	pop	r28
    10bc:	1f 91       	pop	r17
    10be:	0f 91       	pop	r16
    10c0:	08 95       	ret

Disassembly of section .text.I2C_Start:

0000135c <I2C_Start>:
I2C_Start():
/home/mahmoud/Documents/faculty-temps/4th-year/semester-1/labs/lab1/communication-atmega32/atmega32-master/driver/I2C.c:10

void I2C_Start(void) {
    135c:	cf 93       	push	r28
    135e:	df 93       	push	r29
    1360:	cd b7       	in	r28, 0x3d	; 61
    1362:	de b7       	in	r29, 0x3e	; 62
/home/mahmoud/Documents/faculty-temps/4th-year/semester-1/labs/lab1/communication-atmega32/atmega32-master/driver/I2C.c:11
    TWCR = (1 << TWINT) | (1 << TWSTA) | (1 << TWEN);
    1364:	86 e5       	ldi	r24, 0x56	; 86
    1366:	90 e0       	ldi	r25, 0x00	; 0
    1368:	24 ea       	ldi	r18, 0xA4	; 164
    136a:	fc 01       	movw	r30, r24
    136c:	20 83       	st	Z, r18
/home/mahmoud/Documents/faculty-temps/4th-year/semester-1/labs/lab1/communication-atmega32/atmega32-master/driver/I2C.c:12
    while (!(TWCR & (1 << TWINT)));
    136e:	00 00       	nop
/home/mahmoud/Documents/faculty-temps/4th-year/semester-1/labs/lab1/communication-atmega32/atmega32-master/driver/I2C.c:12 (discriminator 1)
    1370:	86 e5       	ldi	r24, 0x56	; 86
    1372:	90 e0       	ldi	r25, 0x00	; 0
    1374:	fc 01       	movw	r30, r24
    1376:	80 81       	ld	r24, Z
    1378:	88 23       	and	r24, r24
    137a:	d4 f7       	brge	.-12     	; 0x1370 <I2C_Start+0x14>
/home/mahmoud/Documents/faculty-temps/4th-year/semester-1/labs/lab1/communication-atmega32/atmega32-master/driver/I2C.c:13
}
    137c:	00 00       	nop
    137e:	df 91       	pop	r29
    1380:	cf 91       	pop	r28
    1382:	08 95       	ret

Disassembly of section .text.I2C_Stop:

00000c7c <I2C_Stop>:
I2C_Stop():
/home/mahmoud/Documents/faculty-temps/4th-year/semester-1/labs/lab1/communication-atmega32/atmega32-master/driver/I2C.c:15

void I2C_Stop(void) {
 c7c:	cf 93       	push	r28
 c7e:	df 93       	push	r29
 c80:	cd b7       	in	r28, 0x3d	; 61
 c82:	de b7       	in	r29, 0x3e	; 62
 c84:	a0 97       	sbiw	r28, 0x20	; 32
 c86:	0f b6       	in	r0, 0x3f	; 63
 c88:	f8 94       	cli
 c8a:	de bf       	out	0x3e, r29	; 62
 c8c:	0f be       	out	0x3f, r0	; 63
 c8e:	cd bf       	out	0x3d, r28	; 61
/home/mahmoud/Documents/faculty-temps/4th-year/semester-1/labs/lab1/communication-atmega32/atmega32-master/driver/I2C.c:16
    TWCR = (1 << TWINT) | (1 << TWSTO) | (1 << TWEN);
 c90:	86 e5       	ldi	r24, 0x56	; 86
 c92:	90 e0       	ldi	r25, 0x00	; 0
 c94:	24 e9       	ldi	r18, 0x94	; 148
 c96:	fc 01       	movw	r30, r24
 c98:	20 83       	st	Z, r18
 c9a:	80 e0       	ldi	r24, 0x00	; 0
 c9c:	90 e0       	ldi	r25, 0x00	; 0
 c9e:	a8 e4       	ldi	r26, 0x48	; 72
 ca0:	b2 e4       	ldi	r27, 0x42	; 66
 ca2:	89 83       	std	Y+1, r24	; 0x01
 ca4:	9a 83       	std	Y+2, r25	; 0x02
 ca6:	ab 83       	std	Y+3, r26	; 0x03
 ca8:	bc 83       	std	Y+4, r27	; 0x04
_delay_us():
/opt/microchip/xc8/v3.10/avr/avr/include/util/delay.h:281
	__builtin_avr_delay_cycles(__ticks_dc);

#else
	uint8_t __ticks;
	double __tmp2 ;
	__tmp = ((F_CPU) / 3e6) * __us;
 caa:	2b ea       	ldi	r18, 0xAB	; 171
 cac:	3a ea       	ldi	r19, 0xAA	; 170
 cae:	4a ea       	ldi	r20, 0xAA	; 170
 cb0:	5e e3       	ldi	r21, 0x3E	; 62
 cb2:	69 81       	ldd	r22, Y+1	; 0x01
 cb4:	7a 81       	ldd	r23, Y+2	; 0x02
 cb6:	8b 81       	ldd	r24, Y+3	; 0x03
 cb8:	9c 81       	ldd	r25, Y+4	; 0x04
 cba:	0e 94 29 0a 	call	0x1452	; 0x1452 <__mulsf3>
 cbe:	dc 01       	movw	r26, r24
 cc0:	cb 01       	movw	r24, r22
 cc2:	8d 83       	std	Y+5, r24	; 0x05
 cc4:	9e 83       	std	Y+6, r25	; 0x06
 cc6:	af 83       	std	Y+7, r26	; 0x07
 cc8:	b8 87       	std	Y+8, r27	; 0x08
/opt/microchip/xc8/v3.10/avr/avr/include/util/delay.h:282
	__tmp2 = ((F_CPU) / 4e6) * __us;
 cca:	20 e0       	ldi	r18, 0x00	; 0
 ccc:	30 e0       	ldi	r19, 0x00	; 0
 cce:	40 e8       	ldi	r20, 0x80	; 128
 cd0:	5e e3       	ldi	r21, 0x3E	; 62
 cd2:	69 81       	ldd	r22, Y+1	; 0x01
 cd4:	7a 81       	ldd	r23, Y+2	; 0x02
 cd6:	8b 81       	ldd	r24, Y+3	; 0x03
 cd8:	9c 81       	ldd	r25, Y+4	; 0x04
 cda:	0e 94 29 0a 	call	0x1452	; 0x1452 <__mulsf3>
 cde:	dc 01       	movw	r26, r24
 ce0:	cb 01       	movw	r24, r22
 ce2:	89 87       	std	Y+9, r24	; 0x09
 ce4:	9a 87       	std	Y+10, r25	; 0x0a
 ce6:	ab 87       	std	Y+11, r26	; 0x0b
 ce8:	bc 87       	std	Y+12, r27	; 0x0c
/opt/microchip/xc8/v3.10/avr/avr/include/util/delay.h:283
	if (__tmp < 1.0)
 cea:	20 e0       	ldi	r18, 0x00	; 0
 cec:	30 e0       	ldi	r19, 0x00	; 0
 cee:	40 e8       	ldi	r20, 0x80	; 128
 cf0:	5f e3       	ldi	r21, 0x3F	; 63
 cf2:	6d 81       	ldd	r22, Y+5	; 0x05
 cf4:	7e 81       	ldd	r23, Y+6	; 0x06
 cf6:	8f 81       	ldd	r24, Y+7	; 0x07
 cf8:	98 85       	ldd	r25, Y+8	; 0x08
 cfa:	0e 94 1b 0a 	call	0x1436	; 0x1436 <__cmpsf2>
 cfe:	88 23       	and	r24, r24
 d00:	1c f4       	brge	.+6      	; 0xd08 <I2C_Stop+0x8c>
/opt/microchip/xc8/v3.10/avr/avr/include/util/delay.h:284
		__ticks = 1;
 d02:	81 e0       	ldi	r24, 0x01	; 1
 d04:	8d 87       	std	Y+13, r24	; 0x0d
 d06:	b2 c0       	rjmp	.+356    	; 0xe6c <I2C_Stop+0x1f0>
/opt/microchip/xc8/v3.10/avr/avr/include/util/delay.h:285
	else if (__tmp2 > 65535)
 d08:	20 e0       	ldi	r18, 0x00	; 0
 d0a:	3f ef       	ldi	r19, 0xFF	; 255
 d0c:	4f e7       	ldi	r20, 0x7F	; 127
 d0e:	57 e4       	ldi	r21, 0x47	; 71
 d10:	69 85       	ldd	r22, Y+9	; 0x09
 d12:	7a 85       	ldd	r23, Y+10	; 0x0a
 d14:	8b 85       	ldd	r24, Y+11	; 0x0b
 d16:	9c 85       	ldd	r25, Y+12	; 0x0c
 d18:	0e 94 20 0a 	call	0x1440	; 0x1440 <__gesf2>
 d1c:	18 16       	cp	r1, r24
 d1e:	0c f0       	brlt	.+2      	; 0xd22 <I2C_Stop+0xa6>
 d20:	7b c0       	rjmp	.+246    	; 0xe18 <I2C_Stop+0x19c>
/opt/microchip/xc8/v3.10/avr/avr/include/util/delay.h:287
	{
		_delay_ms(__us / 1000.0);
 d22:	20 e0       	ldi	r18, 0x00	; 0
 d24:	30 e0       	ldi	r19, 0x00	; 0
 d26:	4a e7       	ldi	r20, 0x7A	; 122
 d28:	54 e4       	ldi	r21, 0x44	; 68
 d2a:	69 81       	ldd	r22, Y+1	; 0x01
 d2c:	7a 81       	ldd	r23, Y+2	; 0x02
 d2e:	8b 81       	ldd	r24, Y+3	; 0x03
 d30:	9c 81       	ldd	r25, Y+4	; 0x04
 d32:	0e 94 25 0a 	call	0x144a	; 0x144a <__divsf3>
 d36:	dc 01       	movw	r26, r24
 d38:	cb 01       	movw	r24, r22
 d3a:	8e 87       	std	Y+14, r24	; 0x0e
 d3c:	9f 87       	std	Y+15, r25	; 0x0f
 d3e:	a8 8b       	std	Y+16, r26	; 0x10
 d40:	b9 8b       	std	Y+17, r27	; 0x11
_delay_ms():
/opt/microchip/xc8/v3.10/avr/avr/include/util/delay.h:191
	__tmp = ((F_CPU) / 4e3) * __ms;
 d42:	20 e0       	ldi	r18, 0x00	; 0
 d44:	30 e0       	ldi	r19, 0x00	; 0
 d46:	4a e7       	ldi	r20, 0x7A	; 122
 d48:	53 e4       	ldi	r21, 0x43	; 67
 d4a:	6e 85       	ldd	r22, Y+14	; 0x0e
 d4c:	7f 85       	ldd	r23, Y+15	; 0x0f
 d4e:	88 89       	ldd	r24, Y+16	; 0x10
 d50:	99 89       	ldd	r25, Y+17	; 0x11
 d52:	0e 94 29 0a 	call	0x1452	; 0x1452 <__mulsf3>
 d56:	dc 01       	movw	r26, r24
 d58:	cb 01       	movw	r24, r22
 d5a:	8a 8b       	std	Y+18, r24	; 0x12
 d5c:	9b 8b       	std	Y+19, r25	; 0x13
 d5e:	ac 8b       	std	Y+20, r26	; 0x14
 d60:	bd 8b       	std	Y+21, r27	; 0x15
/opt/microchip/xc8/v3.10/avr/avr/include/util/delay.h:192
	if (__tmp < 1.0)
 d62:	20 e0       	ldi	r18, 0x00	; 0
 d64:	30 e0       	ldi	r19, 0x00	; 0
 d66:	40 e8       	ldi	r20, 0x80	; 128
 d68:	5f e3       	ldi	r21, 0x3F	; 63
 d6a:	6a 89       	ldd	r22, Y+18	; 0x12
 d6c:	7b 89       	ldd	r23, Y+19	; 0x13
 d6e:	8c 89       	ldd	r24, Y+20	; 0x14
 d70:	9d 89       	ldd	r25, Y+21	; 0x15
 d72:	0e 94 1b 0a 	call	0x1436	; 0x1436 <__cmpsf2>
 d76:	88 23       	and	r24, r24
 d78:	2c f4       	brge	.+10     	; 0xd84 <I2C_Stop+0x108>
/opt/microchip/xc8/v3.10/avr/avr/include/util/delay.h:193
		__ticks = 1;
 d7a:	81 e0       	ldi	r24, 0x01	; 1
 d7c:	90 e0       	ldi	r25, 0x00	; 0
 d7e:	9f 8b       	std	Y+23, r25	; 0x17
 d80:	8e 8b       	std	Y+22, r24	; 0x16
 d82:	3f c0       	rjmp	.+126    	; 0xe02 <I2C_Stop+0x186>
/opt/microchip/xc8/v3.10/avr/avr/include/util/delay.h:194
	else if (__tmp > 65535)
 d84:	20 e0       	ldi	r18, 0x00	; 0
 d86:	3f ef       	ldi	r19, 0xFF	; 255
 d88:	4f e7       	ldi	r20, 0x7F	; 127
 d8a:	57 e4       	ldi	r21, 0x47	; 71
 d8c:	6a 89       	ldd	r22, Y+18	; 0x12
 d8e:	7b 89       	ldd	r23, Y+19	; 0x13
 d90:	8c 89       	ldd	r24, Y+20	; 0x14
 d92:	9d 89       	ldd	r25, Y+21	; 0x15
 d94:	0e 94 20 0a 	call	0x1440	; 0x1440 <__gesf2>
 d98:	18 16       	cp	r1, r24
 d9a:	4c f5       	brge	.+82     	; 0xdee <I2C_Stop+0x172>
/opt/microchip/xc8/v3.10/avr/avr/include/util/delay.h:197
		__ticks = (uint16_t) (__ms * 10.0);
 d9c:	20 e0       	ldi	r18, 0x00	; 0
 d9e:	30 e0       	ldi	r19, 0x00	; 0
 da0:	40 e2       	ldi	r20, 0x20	; 32
 da2:	51 e4       	ldi	r21, 0x41	; 65
 da4:	6e 85       	ldd	r22, Y+14	; 0x0e
 da6:	7f 85       	ldd	r23, Y+15	; 0x0f
 da8:	88 89       	ldd	r24, Y+16	; 0x10
 daa:	99 89       	ldd	r25, Y+17	; 0x11
 dac:	0e 94 29 0a 	call	0x1452	; 0x1452 <__mulsf3>
 db0:	dc 01       	movw	r26, r24
 db2:	cb 01       	movw	r24, r22
 db4:	bc 01       	movw	r22, r24
 db6:	cd 01       	movw	r24, r26
 db8:	0e 94 61 08 	call	0x10c2	; 0x10c2 <__fixunssfsi>
 dbc:	dc 01       	movw	r26, r24
 dbe:	cb 01       	movw	r24, r22
 dc0:	9f 8b       	std	Y+23, r25	; 0x17
 dc2:	8e 8b       	std	Y+22, r24	; 0x16
 dc4:	0f c0       	rjmp	.+30     	; 0xde4 <I2C_Stop+0x168>
 dc6:	89 e1       	ldi	r24, 0x19	; 25
 dc8:	90 e0       	ldi	r25, 0x00	; 0
 dca:	99 8f       	std	Y+25, r25	; 0x19
 dcc:	88 8f       	std	Y+24, r24	; 0x18
_delay_loop_2():
/opt/microchip/xc8/v3.10/avr/avr/include/util/delay_basic.h:105
    milliseconds can be achieved.
 */
void
_delay_loop_2(uint16_t __count)
{
	__asm__ volatile (
 dce:	88 8d       	ldd	r24, Y+24	; 0x18
 dd0:	99 8d       	ldd	r25, Y+25	; 0x19
 dd2:	01 97       	sbiw	r24, 0x01	; 1
 dd4:	f1 f7       	brne	.-4      	; 0xdd2 <I2C_Stop+0x156>
 dd6:	99 8f       	std	Y+25, r25	; 0x19
 dd8:	88 8f       	std	Y+24, r24	; 0x18
_delay_ms():
/opt/microchip/xc8/v3.10/avr/avr/include/util/delay.h:202
			__ticks --;
 dda:	8e 89       	ldd	r24, Y+22	; 0x16
 ddc:	9f 89       	ldd	r25, Y+23	; 0x17
 dde:	01 97       	sbiw	r24, 0x01	; 1
 de0:	9f 8b       	std	Y+23, r25	; 0x17
 de2:	8e 8b       	std	Y+22, r24	; 0x16
/opt/microchip/xc8/v3.10/avr/avr/include/util/delay.h:198
		while(__ticks)
 de4:	8e 89       	ldd	r24, Y+22	; 0x16
 de6:	9f 89       	ldd	r25, Y+23	; 0x17
 de8:	89 2b       	or	r24, r25
 dea:	69 f7       	brne	.-38     	; 0xdc6 <I2C_Stop+0x14a>
 dec:	3f c0       	rjmp	.+126    	; 0xe6c <I2C_Stop+0x1f0>
/opt/microchip/xc8/v3.10/avr/avr/include/util/delay.h:207
		__ticks = (uint16_t)__tmp;
 dee:	6a 89       	ldd	r22, Y+18	; 0x12
 df0:	7b 89       	ldd	r23, Y+19	; 0x13
 df2:	8c 89       	ldd	r24, Y+20	; 0x14
 df4:	9d 89       	ldd	r25, Y+21	; 0x15
 df6:	0e 94 61 08 	call	0x10c2	; 0x10c2 <__fixunssfsi>
 dfa:	dc 01       	movw	r26, r24
 dfc:	cb 01       	movw	r24, r22
 dfe:	9f 8b       	std	Y+23, r25	; 0x17
 e00:	8e 8b       	std	Y+22, r24	; 0x16
 e02:	8e 89       	ldd	r24, Y+22	; 0x16
 e04:	9f 89       	ldd	r25, Y+23	; 0x17
 e06:	9b 8f       	std	Y+27, r25	; 0x1b
 e08:	8a 8f       	std	Y+26, r24	; 0x1a
_delay_loop_2():
/opt/microchip/xc8/v3.10/avr/avr/include/util/delay_basic.h:105
 e0a:	8a 8d       	ldd	r24, Y+26	; 0x1a
 e0c:	9b 8d       	ldd	r25, Y+27	; 0x1b
 e0e:	01 97       	sbiw	r24, 0x01	; 1
 e10:	f1 f7       	brne	.-4      	; 0xe0e <I2C_Stop+0x192>
 e12:	9b 8f       	std	Y+27, r25	; 0x1b
 e14:	8a 8f       	std	Y+26, r24	; 0x1a
 e16:	2a c0       	rjmp	.+84     	; 0xe6c <I2C_Stop+0x1f0>
_delay_us():
/opt/microchip/xc8/v3.10/avr/avr/include/util/delay.h:289
	}
	else if (__tmp > 255)
 e18:	20 e0       	ldi	r18, 0x00	; 0
 e1a:	30 e0       	ldi	r19, 0x00	; 0
 e1c:	4f e7       	ldi	r20, 0x7F	; 127
 e1e:	53 e4       	ldi	r21, 0x43	; 67
 e20:	6d 81       	ldd	r22, Y+5	; 0x05
 e22:	7e 81       	ldd	r23, Y+6	; 0x06
 e24:	8f 81       	ldd	r24, Y+7	; 0x07
 e26:	98 85       	ldd	r25, Y+8	; 0x08
 e28:	0e 94 20 0a 	call	0x1440	; 0x1440 <__gesf2>
 e2c:	18 16       	cp	r1, r24
 e2e:	ac f4       	brge	.+42     	; 0xe5a <I2C_Stop+0x1de>
/opt/microchip/xc8/v3.10/avr/avr/include/util/delay.h:291
	{
		uint16_t __ticks=(uint16_t)__tmp2;
 e30:	69 85       	ldd	r22, Y+9	; 0x09
 e32:	7a 85       	ldd	r23, Y+10	; 0x0a
 e34:	8b 85       	ldd	r24, Y+11	; 0x0b
 e36:	9c 85       	ldd	r25, Y+12	; 0x0c
 e38:	0e 94 61 08 	call	0x10c2	; 0x10c2 <__fixunssfsi>
 e3c:	dc 01       	movw	r26, r24
 e3e:	cb 01       	movw	r24, r22
 e40:	9d 8f       	std	Y+29, r25	; 0x1d
 e42:	8c 8f       	std	Y+28, r24	; 0x1c
 e44:	8c 8d       	ldd	r24, Y+28	; 0x1c
 e46:	9d 8d       	ldd	r25, Y+29	; 0x1d
 e48:	9f 8f       	std	Y+31, r25	; 0x1f
 e4a:	8e 8f       	std	Y+30, r24	; 0x1e
_delay_loop_2():
/opt/microchip/xc8/v3.10/avr/avr/include/util/delay_basic.h:105
 e4c:	8e 8d       	ldd	r24, Y+30	; 0x1e
 e4e:	9f 8d       	ldd	r25, Y+31	; 0x1f
 e50:	01 97       	sbiw	r24, 0x01	; 1
 e52:	f1 f7       	brne	.-4      	; 0xe50 <I2C_Stop+0x1d4>
 e54:	9f 8f       	std	Y+31, r25	; 0x1f
 e56:	8e 8f       	std	Y+30, r24	; 0x1e
I2C_Stop():
/home/mahmoud/Documents/faculty-temps/4th-year/semester-1/labs/lab1/communication-atmega32/atmega32-master/driver/I2C.c:18
    _delay_us(50); 
}
 e58:	0f c0       	rjmp	.+30     	; 0xe78 <I2C_Stop+0x1fc>
_delay_us():
/opt/microchip/xc8/v3.10/avr/avr/include/util/delay.h:296
		_delay_loop_2(__ticks);
		return;
	}
	else
		__ticks = (uint8_t)__tmp;
 e5a:	6d 81       	ldd	r22, Y+5	; 0x05
 e5c:	7e 81       	ldd	r23, Y+6	; 0x06
 e5e:	8f 81       	ldd	r24, Y+7	; 0x07
 e60:	98 85       	ldd	r25, Y+8	; 0x08
 e62:	0e 94 61 08 	call	0x10c2	; 0x10c2 <__fixunssfsi>
 e66:	dc 01       	movw	r26, r24
 e68:	cb 01       	movw	r24, r22
 e6a:	8d 87       	std	Y+13, r24	; 0x0d
 e6c:	8d 85       	ldd	r24, Y+13	; 0x0d
 e6e:	88 a3       	std	Y+32, r24	; 0x20
_delay_loop_1():
/opt/microchip/xc8/v3.10/avr/avr/include/util/delay_basic.h:83
	__asm__ volatile (
 e70:	88 a1       	ldd	r24, Y+32	; 0x20
 e72:	8a 95       	dec	r24
 e74:	f1 f7       	brne	.-4      	; 0xe72 <I2C_Stop+0x1f6>
 e76:	88 a3       	std	Y+32, r24	; 0x20
I2C_Stop():
/home/mahmoud/Documents/faculty-temps/4th-year/semester-1/labs/lab1/communication-atmega32/atmega32-master/driver/I2C.c:18
 e78:	00 00       	nop
 e7a:	a0 96       	adiw	r28, 0x20	; 32
 e7c:	0f b6       	in	r0, 0x3f	; 63
 e7e:	f8 94       	cli
 e80:	de bf       	out	0x3e, r29	; 62
 e82:	0f be       	out	0x3f, r0	; 63
 e84:	cd bf       	out	0x3d, r28	; 61
 e86:	df 91       	pop	r29
 e88:	cf 91       	pop	r28
 e8a:	08 95       	ret

Disassembly of section .text.I2C_Write:

00001240 <I2C_Write>:
I2C_Write():
/home/mahmoud/Documents/faculty-temps/4th-year/semester-1/labs/lab1/communication-atmega32/atmega32-master/driver/I2C.c:20

void I2C_Write(uint8_t data) {
    1240:	cf 93       	push	r28
    1242:	df 93       	push	r29
    1244:	0f 92       	push	r0
    1246:	cd b7       	in	r28, 0x3d	; 61
    1248:	de b7       	in	r29, 0x3e	; 62
    124a:	89 83       	std	Y+1, r24	; 0x01
/home/mahmoud/Documents/faculty-temps/4th-year/semester-1/labs/lab1/communication-atmega32/atmega32-master/driver/I2C.c:21
    TWDR = data;
    124c:	83 e2       	ldi	r24, 0x23	; 35
    124e:	90 e0       	ldi	r25, 0x00	; 0
    1250:	29 81       	ldd	r18, Y+1	; 0x01
    1252:	fc 01       	movw	r30, r24
    1254:	20 83       	st	Z, r18
/home/mahmoud/Documents/faculty-temps/4th-year/semester-1/labs/lab1/communication-atmega32/atmega32-master/driver/I2C.c:22
    TWCR = (1 << TWINT) | (1 << TWEN);
    1256:	86 e5       	ldi	r24, 0x56	; 86
    1258:	90 e0       	ldi	r25, 0x00	; 0
    125a:	24 e8       	ldi	r18, 0x84	; 132
    125c:	fc 01       	movw	r30, r24
    125e:	20 83       	st	Z, r18
/home/mahmoud/Documents/faculty-temps/4th-year/semester-1/labs/lab1/communication-atmega32/atmega32-master/driver/I2C.c:23
    while (!(TWCR & (1 << TWINT)));
    1260:	00 00       	nop
/home/mahmoud/Documents/faculty-temps/4th-year/semester-1/labs/lab1/communication-atmega32/atmega32-master/driver/I2C.c:23 (discriminator 1)
    1262:	86 e5       	ldi	r24, 0x56	; 86
    1264:	90 e0       	ldi	r25, 0x00	; 0
    1266:	fc 01       	movw	r30, r24
    1268:	80 81       	ld	r24, Z
    126a:	88 23       	and	r24, r24
    126c:	d4 f7       	brge	.-12     	; 0x1262 <I2C_Write+0x22>
/home/mahmoud/Documents/faculty-temps/4th-year/semester-1/labs/lab1/communication-atmega32/atmega32-master/driver/I2C.c:24
}
    126e:	00 00       	nop
    1270:	0f 90       	pop	r0
    1272:	df 91       	pop	r29
    1274:	cf 91       	pop	r28
    1276:	08 95       	ret

Disassembly of section .text.I2C_ReadAck:

000012ac <I2C_ReadAck>:
I2C_ReadAck():
/home/mahmoud/Documents/faculty-temps/4th-year/semester-1/labs/lab1/communication-atmega32/atmega32-master/driver/I2C.c:26

uint8_t I2C_ReadAck(void) {
    12ac:	cf 93       	push	r28
    12ae:	df 93       	push	r29
    12b0:	cd b7       	in	r28, 0x3d	; 61
    12b2:	de b7       	in	r29, 0x3e	; 62
/home/mahmoud/Documents/faculty-temps/4th-year/semester-1/labs/lab1/communication-atmega32/atmega32-master/driver/I2C.c:27
    TWCR = (1 << TWINT) | (1 << TWEN) | (1 << TWEA);
    12b4:	86 e5       	ldi	r24, 0x56	; 86
    12b6:	90 e0       	ldi	r25, 0x00	; 0
    12b8:	24 ec       	ldi	r18, 0xC4	; 196
    12ba:	fc 01       	movw	r30, r24
    12bc:	20 83       	st	Z, r18
/home/mahmoud/Documents/faculty-temps/4th-year/semester-1/labs/lab1/communication-atmega32/atmega32-master/driver/I2C.c:28
    while (!(TWCR & (1 << TWINT)));
    12be:	00 00       	nop
/home/mahmoud/Documents/faculty-temps/4th-year/semester-1/labs/lab1/communication-atmega32/atmega32-master/driver/I2C.c:28 (discriminator 1)
    12c0:	86 e5       	ldi	r24, 0x56	; 86
    12c2:	90 e0       	ldi	r25, 0x00	; 0
    12c4:	fc 01       	movw	r30, r24
    12c6:	80 81       	ld	r24, Z
    12c8:	88 23       	and	r24, r24
    12ca:	d4 f7       	brge	.-12     	; 0x12c0 <I2C_ReadAck+0x14>
/home/mahmoud/Documents/faculty-temps/4th-year/semester-1/labs/lab1/communication-atmega32/atmega32-master/driver/I2C.c:29
    return TWDR;
    12cc:	83 e2       	ldi	r24, 0x23	; 35
    12ce:	90 e0       	ldi	r25, 0x00	; 0
    12d0:	fc 01       	movw	r30, r24
    12d2:	80 81       	ld	r24, Z
/home/mahmoud/Documents/faculty-temps/4th-year/semester-1/labs/lab1/communication-atmega32/atmega32-master/driver/I2C.c:30
}
    12d4:	df 91       	pop	r29
    12d6:	cf 91       	pop	r28
    12d8:	08 95       	ret

Disassembly of section .text.I2C_ReadNack:

000012da <I2C_ReadNack>:
I2C_ReadNack():
/home/mahmoud/Documents/faculty-temps/4th-year/semester-1/labs/lab1/communication-atmega32/atmega32-master/driver/I2C.c:32

uint8_t I2C_ReadNack(void) {
    12da:	cf 93       	push	r28
    12dc:	df 93       	push	r29
    12de:	cd b7       	in	r28, 0x3d	; 61
    12e0:	de b7       	in	r29, 0x3e	; 62
/home/mahmoud/Documents/faculty-temps/4th-year/semester-1/labs/lab1/communication-atmega32/atmega32-master/driver/I2C.c:33
    TWCR = (1 << TWINT) | (1 << TWEN);
    12e2:	86 e5       	ldi	r24, 0x56	; 86
    12e4:	90 e0       	ldi	r25, 0x00	; 0
    12e6:	24 e8       	ldi	r18, 0x84	; 132
    12e8:	fc 01       	movw	r30, r24
    12ea:	20 83       	st	Z, r18
/home/mahmoud/Documents/faculty-temps/4th-year/semester-1/labs/lab1/communication-atmega32/atmega32-master/driver/I2C.c:34
    while (!(TWCR & (1 << TWINT)));
    12ec:	00 00       	nop
/home/mahmoud/Documents/faculty-temps/4th-year/semester-1/labs/lab1/communication-atmega32/atmega32-master/driver/I2C.c:34 (discriminator 1)
    12ee:	86 e5       	ldi	r24, 0x56	; 86
    12f0:	90 e0       	ldi	r25, 0x00	; 0
    12f2:	fc 01       	movw	r30, r24
    12f4:	80 81       	ld	r24, Z
    12f6:	88 23       	and	r24, r24
    12f8:	d4 f7       	brge	.-12     	; 0x12ee <I2C_ReadNack+0x14>
/home/mahmoud/Documents/faculty-temps/4th-year/semester-1/labs/lab1/communication-atmega32/atmega32-master/driver/I2C.c:35
    return TWDR;
    12fa:	83 e2       	ldi	r24, 0x23	; 35
    12fc:	90 e0       	ldi	r25, 0x00	; 0
    12fe:	fc 01       	movw	r30, r24
    1300:	80 81       	ld	r24, Z
/home/mahmoud/Documents/faculty-temps/4th-year/semester-1/labs/lab1/communication-atmega32/atmega32-master/driver/I2C.c:36
    1302:	df 91       	pop	r29
    1304:	cf 91       	pop	r28
    1306:	08 95       	ret

Disassembly of section .text.SPI_MasterInit:

00001120 <SPI_MasterInit>:
SPI_MasterInit():
/home/mahmoud/Documents/faculty-temps/4th-year/semester-1/labs/lab1/communication-atmega32/atmega32-master/driver/SPI.c:3
#include "SPI.h"

void SPI_MasterInit(void) {
    1120:	cf 93       	push	r28
    1122:	df 93       	push	r29
    1124:	cd b7       	in	r28, 0x3d	; 61
    1126:	de b7       	in	r29, 0x3e	; 62
/home/mahmoud/Documents/faculty-temps/4th-year/semester-1/labs/lab1/communication-atmega32/atmega32-master/driver/SPI.c:5
    /* Set MOSI, SCK, and SS as output, MISO as input */
    SPI_DDR |= (1 << MOSI_PIN) | (1 << SCK_PIN) | (1 << SS_PIN);
    1128:	87 e3       	ldi	r24, 0x37	; 55
    112a:	90 e0       	ldi	r25, 0x00	; 0
    112c:	27 e3       	ldi	r18, 0x37	; 55
    112e:	30 e0       	ldi	r19, 0x00	; 0
    1130:	f9 01       	movw	r30, r18
    1132:	20 81       	ld	r18, Z
    1134:	20 6b       	ori	r18, 0xB0	; 176
    1136:	fc 01       	movw	r30, r24
    1138:	20 83       	st	Z, r18
/home/mahmoud/Documents/faculty-temps/4th-year/semester-1/labs/lab1/communication-atmega32/atmega32-master/driver/SPI.c:6
    SPI_DDR &= ~(1 << MISO_PIN);
    113a:	87 e3       	ldi	r24, 0x37	; 55
    113c:	90 e0       	ldi	r25, 0x00	; 0
    113e:	27 e3       	ldi	r18, 0x37	; 55
    1140:	30 e0       	ldi	r19, 0x00	; 0
    1142:	f9 01       	movw	r30, r18
    1144:	20 81       	ld	r18, Z
    1146:	2f 7b       	andi	r18, 0xBF	; 191
    1148:	fc 01       	movw	r30, r24
    114a:	20 83       	st	Z, r18
/home/mahmoud/Documents/faculty-temps/4th-year/semester-1/labs/lab1/communication-atmega32/atmega32-master/driver/SPI.c:9
    
    /* Keep SS high initially */
    SPI_PORT |= (1 << SS_PIN);
    114c:	88 e3       	ldi	r24, 0x38	; 56
    114e:	90 e0       	ldi	r25, 0x00	; 0
    1150:	28 e3       	ldi	r18, 0x38	; 56
    1152:	30 e0       	ldi	r19, 0x00	; 0
    1154:	f9 01       	movw	r30, r18
    1156:	20 81       	ld	r18, Z
    1158:	20 61       	ori	r18, 0x10	; 16
    115a:	fc 01       	movw	r30, r24
    115c:	20 83       	st	Z, r18
/home/mahmoud/Documents/faculty-temps/4th-year/semester-1/labs/lab1/communication-atmega32/atmega32-master/driver/SPI.c:12
    
    /* Enable SPI, Master mode, set clock rate fck/16 */
    SPCR = (1 << SPE) | (1 << MSTR) | (1 << SPR0);
    115e:	8d e2       	ldi	r24, 0x2D	; 45
    1160:	90 e0       	ldi	r25, 0x00	; 0
    1162:	21 e5       	ldi	r18, 0x51	; 81
    1164:	fc 01       	movw	r30, r24
    1166:	20 83       	st	Z, r18
/home/mahmoud/Documents/faculty-temps/4th-year/semester-1/labs/lab1/communication-atmega32/atmega32-master/driver/SPI.c:13
}
    1168:	00 00       	nop
    116a:	df 91       	pop	r29
    116c:	cf 91       	pop	r28
    116e:	08 95       	ret

Disassembly of section .text.SPI_Transfer:

00001278 <SPI_Transfer>:
SPI_Transfer():
/home/mahmoud/Documents/faculty-temps/4th-year/semester-1/labs/lab1/communication-atmega32/atmega32-master/driver/SPI.c:24
    
    /* Enable SPI */
    SPCR = (1 << SPE);
}

uint8_t SPI_Transfer(uint8_t data) {
    1278:	cf 93       	push	r28
    127a:	df 93       	push	r29
    127c:	0f 92       	push	r0
    127e:	cd b7       	in	r28, 0x3d	; 61
    1280:	de b7       	in	r29, 0x3e	; 62
    1282:	89 83       	std	Y+1, r24	; 0x01
/home/mahmoud/Documents/faculty-temps/4th-year/semester-1/labs/lab1/communication-atmega32/atmega32-master/driver/SPI.c:26
    /* Start transmission */
    SPDR = data;
    1284:	8f e2       	ldi	r24, 0x2F	; 47
    1286:	90 e0       	ldi	r25, 0x00	; 0
    1288:	29 81       	ldd	r18, Y+1	; 0x01
    128a:	fc 01       	movw	r30, r24
    128c:	20 83       	st	Z, r18
/home/mahmoud/Documents/faculty-temps/4th-year/semester-1/labs/lab1/communication-atmega32/atmega32-master/driver/SPI.c:29
    
    /* Wait for transmission complete */
    while (!(SPSR & (1 << SPIF)));
    128e:	00 00       	nop
/home/mahmoud/Documents/faculty-temps/4th-year/semester-1/labs/lab1/communication-atmega32/atmega32-master/driver/SPI.c:29 (discriminator 1)
    1290:	8e e2       	ldi	r24, 0x2E	; 46
    1292:	90 e0       	ldi	r25, 0x00	; 0
    1294:	fc 01       	movw	r30, r24
    1296:	80 81       	ld	r24, Z
    1298:	88 23       	and	r24, r24
    129a:	d4 f7       	brge	.-12     	; 0x1290 <SPI_Transfer+0x18>
/home/mahmoud/Documents/faculty-temps/4th-year/semester-1/labs/lab1/communication-atmega32/atmega32-master/driver/SPI.c:32
    
    /* Return Data Register */
    return SPDR;
    129c:	8f e2       	ldi	r24, 0x2F	; 47
    129e:	90 e0       	ldi	r25, 0x00	; 0
    12a0:	fc 01       	movw	r30, r24
    12a2:	80 81       	ld	r24, Z
/home/mahmoud/Documents/faculty-temps/4th-year/semester-1/labs/lab1/communication-atmega32/atmega32-master/driver/SPI.c:33
}
    12a4:	0f 90       	pop	r0
    12a6:	df 91       	pop	r29
    12a8:	cf 91       	pop	r28
    12aa:	08 95       	ret

Disassembly of section .text.SPI_SelectSlave:

00001384 <SPI_SelectSlave>:
SPI_SelectSlave():
/home/mahmoud/Documents/faculty-temps/4th-year/semester-1/labs/lab1/communication-atmega32/atmega32-master/driver/SPI.c:35

void SPI_SelectSlave(void) {
    1384:	cf 93       	push	r28
    1386:	df 93       	push	r29
    1388:	cd b7       	in	r28, 0x3d	; 61
    138a:	de b7       	in	r29, 0x3e	; 62
/home/mahmoud/Documents/faculty-temps/4th-year/semester-1/labs/lab1/communication-atmega32/atmega32-master/driver/SPI.c:36
    SPI_PORT &= ~(1 << SS_PIN);
    138c:	88 e3       	ldi	r24, 0x38	; 56
    138e:	90 e0       	ldi	r25, 0x00	; 0
    1390:	28 e3       	ldi	r18, 0x38	; 56
    1392:	30 e0       	ldi	r19, 0x00	; 0
    1394:	f9 01       	movw	r30, r18
    1396:	20 81       	ld	r18, Z
    1398:	2f 7e       	andi	r18, 0xEF	; 239
    139a:	fc 01       	movw	r30, r24
    139c:	20 83       	st	Z, r18
/home/mahmoud/Documents/faculty-temps/4th-year/semester-1/labs/lab1/communication-atmega32/atmega32-master/driver/SPI.c:37
}
    139e:	00 00       	nop
    13a0:	df 91       	pop	r29
    13a2:	cf 91       	pop	r28
    13a4:	08 95       	ret

Disassembly of section .text.SPI_DeselectSlave:

000013a6 <SPI_DeselectSlave>:
SPI_DeselectSlave():
/home/mahmoud/Documents/faculty-temps/4th-year/semester-1/labs/lab1/communication-atmega32/atmega32-master/driver/SPI.c:39

void SPI_DeselectSlave(void) {
    13a6:	cf 93       	push	r28
    13a8:	df 93       	push	r29
    13aa:	cd b7       	in	r28, 0x3d	; 61
    13ac:	de b7       	in	r29, 0x3e	; 62
/home/mahmoud/Documents/faculty-temps/4th-year/semester-1/labs/lab1/communication-atmega32/atmega32-master/driver/SPI.c:40
    SPI_PORT |= (1 << SS_PIN);
    13ae:	88 e3       	ldi	r24, 0x38	; 56
    13b0:	90 e0       	ldi	r25, 0x00	; 0
    13b2:	28 e3       	ldi	r18, 0x38	; 56
    13b4:	30 e0       	ldi	r19, 0x00	; 0
    13b6:	f9 01       	movw	r30, r18
    13b8:	20 81       	ld	r18, Z
    13ba:	20 61       	ori	r18, 0x10	; 16
    13bc:	fc 01       	movw	r30, r24
    13be:	20 83       	st	Z, r18
/home/mahmoud/Documents/faculty-temps/4th-year/semester-1/labs/lab1/communication-atmega32/atmega32-master/driver/SPI.c:41
}
    13c0:	00 00       	nop
    13c2:	df 91       	pop	r29
    13c4:	cf 91       	pop	r28
    13c6:	08 95       	ret

Disassembly of section .text.BCDToDec:

00001308 <BCDToDec>:
BCDToDec():
/home/mahmoud/Documents/faculty-temps/4th-year/semester-1/labs/lab1/communication-atmega32/atmega32-master/main.c:12
#include "driver/SPI.h"
#include "driver/I2C.h"

#define DS1307_I2C_ADDR 0xD0

uint8_t BCDToDec(uint8_t val) {
    1308:	cf 93       	push	r28
    130a:	df 93       	push	r29
    130c:	0f 92       	push	r0
    130e:	cd b7       	in	r28, 0x3d	; 61
    1310:	de b7       	in	r29, 0x3e	; 62
    1312:	89 83       	std	Y+1, r24	; 0x01
/home/mahmoud/Documents/faculty-temps/4th-year/semester-1/labs/lab1/communication-atmega32/atmega32-master/main.c:13
    return (((val >> 4) * 10) + (val & 0x0F));
    1314:	89 81       	ldd	r24, Y+1	; 0x01
    1316:	82 95       	swap	r24
    1318:	8f 70       	andi	r24, 0x0F	; 15
    131a:	88 0f       	add	r24, r24
    131c:	98 2f       	mov	r25, r24
    131e:	99 0f       	add	r25, r25
    1320:	99 0f       	add	r25, r25
    1322:	98 0f       	add	r25, r24
    1324:	89 81       	ldd	r24, Y+1	; 0x01
    1326:	8f 70       	andi	r24, 0x0F	; 15
    1328:	89 0f       	add	r24, r25
/home/mahmoud/Documents/faculty-temps/4th-year/semester-1/labs/lab1/communication-atmega32/atmega32-master/main.c:14
}
    132a:	0f 90       	pop	r0
    132c:	df 91       	pop	r29
    132e:	cf 91       	pop	r28
    1330:	08 95       	ret

Disassembly of section .text.RTC_Init:

00001332 <RTC_Init>:
RTC_Init():
/home/mahmoud/Documents/faculty-temps/4th-year/semester-1/labs/lab1/communication-atmega32/atmega32-master/main.c:16

void RTC_Init(void) {
    1332:	cf 93       	push	r28
    1334:	df 93       	push	r29
    1336:	cd b7       	in	r28, 0x3d	; 61
    1338:	de b7       	in	r29, 0x3e	; 62
/home/mahmoud/Documents/faculty-temps/4th-year/semester-1/labs/lab1/communication-atmega32/atmega32-master/main.c:18
    /* Write 0 to Register 0x00 to enable the Oscillator (CH bit = 0) */
    I2C_Start();
    133a:	0e 94 ae 09 	call	0x135c	; 0x135c <I2C_Start>
/home/mahmoud/Documents/faculty-temps/4th-year/semester-1/labs/lab1/communication-atmega32/atmega32-master/main.c:19
    I2C_Write(DS1307_I2C_ADDR);
    133e:	80 ed       	ldi	r24, 0xD0	; 208
    1340:	0e 94 20 09 	call	0x1240	; 0x1240 <I2C_Write>
/home/mahmoud/Documents/faculty-temps/4th-year/semester-1/labs/lab1/communication-atmega32/atmega32-master/main.c:20
    I2C_Write(0x00); /* SECONDS register address */
    1344:	80 e0       	ldi	r24, 0x00	; 0
    1346:	0e 94 20 09 	call	0x1240	; 0x1240 <I2C_Write>
/home/mahmoud/Documents/faculty-temps/4th-year/semester-1/labs/lab1/communication-atmega32/atmega32-master/main.c:21
    I2C_Write(0x00); /* Clear CH bit and set 00 seconds */
    134a:	80 e0       	ldi	r24, 0x00	; 0
    134c:	0e 94 20 09 	call	0x1240	; 0x1240 <I2C_Write>
/home/mahmoud/Documents/faculty-temps/4th-year/semester-1/labs/lab1/communication-atmega32/atmega32-master/main.c:22
    I2C_Stop();
    1350:	0e 94 3e 06 	call	0xc7c	; 0xc7c <I2C_Stop>
/home/mahmoud/Documents/faculty-temps/4th-year/semester-1/labs/lab1/communication-atmega32/atmega32-master/main.c:23
}
    1354:	00 00       	nop
    1356:	df 91       	pop	r29
    1358:	cf 91       	pop	r28
    135a:	08 95       	ret

Disassembly of section .text.main:

0000006c <main>:
main():
/home/mahmoud/Documents/faculty-temps/4th-year/semester-1/labs/lab1/communication-atmega32/atmega32-master/main.c:25

int main(void) {
  6c:	0f 93       	push	r16
  6e:	1f 93       	push	r17
  70:	cf 93       	push	r28
  72:	df 93       	push	r29
  74:	cd b7       	in	r28, 0x3d	; 61
  76:	de b7       	in	r29, 0x3e	; 62
  78:	cc 58       	subi	r28, 0x8C	; 140
  7a:	d1 09       	sbc	r29, r1
  7c:	0f b6       	in	r0, 0x3f	; 63
  7e:	f8 94       	cli
  80:	de bf       	out	0x3e, r29	; 62
  82:	0f be       	out	0x3f, r0	; 63
  84:	cd bf       	out	0x3d, r28	; 61
/home/mahmoud/Documents/faculty-temps/4th-year/semester-1/labs/lab1/communication-atmega32/atmega32-master/main.c:29
    uint8_t rtc_raw[7];
    uint8_t rtc_data[7];

    I2C_Init(F_CPU, 100000UL); /* 100kHz I2C */
  86:	20 ea       	ldi	r18, 0xA0	; 160
  88:	36 e8       	ldi	r19, 0x86	; 134
  8a:	41 e0       	ldi	r20, 0x01	; 1
  8c:	50 e0       	ldi	r21, 0x00	; 0
  8e:	60 e0       	ldi	r22, 0x00	; 0
  90:	74 e2       	ldi	r23, 0x24	; 36
  92:	84 ef       	ldi	r24, 0xF4	; 244
  94:	90 e0       	ldi	r25, 0x00	; 0
  96:	0e 94 1f 08 	call	0x103e	; 0x103e <I2C_Init>
/home/mahmoud/Documents/faculty-temps/4th-year/semester-1/labs/lab1/communication-atmega32/atmega32-master/main.c:30
    SPI_MasterInit();
  9a:	0e 94 90 08 	call	0x1120	; 0x1120 <SPI_MasterInit>
  9e:	80 e0       	ldi	r24, 0x00	; 0
  a0:	90 e0       	ldi	r25, 0x00	; 0
  a2:	a8 ec       	ldi	r26, 0xC8	; 200
  a4:	b2 e4       	ldi	r27, 0x42	; 66
  a6:	8b 8b       	std	Y+19, r24	; 0x13
  a8:	9c 8b       	std	Y+20, r25	; 0x14
  aa:	ad 8b       	std	Y+21, r26	; 0x15
  ac:	be 8b       	std	Y+22, r27	; 0x16
_delay_ms():
/opt/microchip/xc8/v3.10/avr/avr/include/util/delay.h:191
	__tmp = ((F_CPU) / 4e3) * __ms;
  ae:	20 e0       	ldi	r18, 0x00	; 0
  b0:	30 e0       	ldi	r19, 0x00	; 0
  b2:	4a e7       	ldi	r20, 0x7A	; 122
  b4:	55 e4       	ldi	r21, 0x45	; 69
  b6:	6b 89       	ldd	r22, Y+19	; 0x13
  b8:	7c 89       	ldd	r23, Y+20	; 0x14
  ba:	8d 89       	ldd	r24, Y+21	; 0x15
  bc:	9e 89       	ldd	r25, Y+22	; 0x16
  be:	0e 94 29 0a 	call	0x1452	; 0x1452 <__mulsf3>
  c2:	dc 01       	movw	r26, r24
  c4:	cb 01       	movw	r24, r22
  c6:	8f 8b       	std	Y+23, r24	; 0x17
  c8:	98 8f       	std	Y+24, r25	; 0x18
  ca:	a9 8f       	std	Y+25, r26	; 0x19
  cc:	ba 8f       	std	Y+26, r27	; 0x1a
/opt/microchip/xc8/v3.10/avr/avr/include/util/delay.h:192
	if (__tmp < 1.0)
  ce:	20 e0       	ldi	r18, 0x00	; 0
  d0:	30 e0       	ldi	r19, 0x00	; 0
  d2:	40 e8       	ldi	r20, 0x80	; 128
  d4:	5f e3       	ldi	r21, 0x3F	; 63
  d6:	6f 89       	ldd	r22, Y+23	; 0x17
  d8:	78 8d       	ldd	r23, Y+24	; 0x18
  da:	89 8d       	ldd	r24, Y+25	; 0x19
  dc:	9a 8d       	ldd	r25, Y+26	; 0x1a
  de:	0e 94 1b 0a 	call	0x1436	; 0x1436 <__cmpsf2>
  e2:	88 23       	and	r24, r24
  e4:	2c f4       	brge	.+10     	; 0xf0 <main+0x84>
/opt/microchip/xc8/v3.10/avr/avr/include/util/delay.h:193
		__ticks = 1;
  e6:	81 e0       	ldi	r24, 0x01	; 1
  e8:	90 e0       	ldi	r25, 0x00	; 0
  ea:	9c 8f       	std	Y+28, r25	; 0x1c
  ec:	8b 8f       	std	Y+27, r24	; 0x1b
  ee:	3f c0       	rjmp	.+126    	; 0x16e <main+0x102>
/opt/microchip/xc8/v3.10/avr/avr/include/util/delay.h:194
	else if (__tmp > 65535)
  f0:	20 e0       	ldi	r18, 0x00	; 0
  f2:	3f ef       	ldi	r19, 0xFF	; 255
  f4:	4f e7       	ldi	r20, 0x7F	; 127
  f6:	57 e4       	ldi	r21, 0x47	; 71
  f8:	6f 89       	ldd	r22, Y+23	; 0x17
  fa:	78 8d       	ldd	r23, Y+24	; 0x18
  fc:	89 8d       	ldd	r24, Y+25	; 0x19
  fe:	9a 8d       	ldd	r25, Y+26	; 0x1a
 100:	0e 94 20 0a 	call	0x1440	; 0x1440 <__gesf2>
 104:	18 16       	cp	r1, r24
 106:	4c f5       	brge	.+82     	; 0x15a <main+0xee>
/opt/microchip/xc8/v3.10/avr/avr/include/util/delay.h:197
		__ticks = (uint16_t) (__ms * 10.0);
 108:	20 e0       	ldi	r18, 0x00	; 0
 10a:	30 e0       	ldi	r19, 0x00	; 0
 10c:	40 e2       	ldi	r20, 0x20	; 32
 10e:	51 e4       	ldi	r21, 0x41	; 65
 110:	6b 89       	ldd	r22, Y+19	; 0x13
 112:	7c 89       	ldd	r23, Y+20	; 0x14
 114:	8d 89       	ldd	r24, Y+21	; 0x15
 116:	9e 89       	ldd	r25, Y+22	; 0x16
 118:	0e 94 29 0a 	call	0x1452	; 0x1452 <__mulsf3>
 11c:	dc 01       	movw	r26, r24
 11e:	cb 01       	movw	r24, r22
 120:	bc 01       	movw	r22, r24
 122:	cd 01       	movw	r24, r26
 124:	0e 94 61 08 	call	0x10c2	; 0x10c2 <__fixunssfsi>
 128:	dc 01       	movw	r26, r24
 12a:	cb 01       	movw	r24, r22
 12c:	9c 8f       	std	Y+28, r25	; 0x1c
 12e:	8b 8f       	std	Y+27, r24	; 0x1b
 130:	0f c0       	rjmp	.+30     	; 0x150 <main+0xe4>
 132:	80 e9       	ldi	r24, 0x90	; 144
 134:	91 e0       	ldi	r25, 0x01	; 1
 136:	9e 8f       	std	Y+30, r25	; 0x1e
 138:	8d 8f       	std	Y+29, r24	; 0x1d
_delay_loop_2():
/opt/microchip/xc8/v3.10/avr/avr/include/util/delay_basic.h:105
	__asm__ volatile (
 13a:	8d 8d       	ldd	r24, Y+29	; 0x1d
 13c:	9e 8d       	ldd	r25, Y+30	; 0x1e
 13e:	01 97       	sbiw	r24, 0x01	; 1
 140:	f1 f7       	brne	.-4      	; 0x13e <main+0xd2>
 142:	9e 8f       	std	Y+30, r25	; 0x1e
 144:	8d 8f       	std	Y+29, r24	; 0x1d
_delay_ms():
/opt/microchip/xc8/v3.10/avr/avr/include/util/delay.h:202
			__ticks --;
 146:	8b 8d       	ldd	r24, Y+27	; 0x1b
 148:	9c 8d       	ldd	r25, Y+28	; 0x1c
 14a:	01 97       	sbiw	r24, 0x01	; 1
 14c:	9c 8f       	std	Y+28, r25	; 0x1c
 14e:	8b 8f       	std	Y+27, r24	; 0x1b
/opt/microchip/xc8/v3.10/avr/avr/include/util/delay.h:198
		while(__ticks)
 150:	8b 8d       	ldd	r24, Y+27	; 0x1b
 152:	9c 8d       	ldd	r25, Y+28	; 0x1c
 154:	89 2b       	or	r24, r25
 156:	69 f7       	brne	.-38     	; 0x132 <main+0xc6>
 158:	14 c0       	rjmp	.+40     	; 0x182 <main+0x116>
/opt/microchip/xc8/v3.10/avr/avr/include/util/delay.h:207
		__ticks = (uint16_t)__tmp;
 15a:	6f 89       	ldd	r22, Y+23	; 0x17
 15c:	78 8d       	ldd	r23, Y+24	; 0x18
 15e:	89 8d       	ldd	r24, Y+25	; 0x19
 160:	9a 8d       	ldd	r25, Y+26	; 0x1a
 162:	0e 94 61 08 	call	0x10c2	; 0x10c2 <__fixunssfsi>
 166:	dc 01       	movw	r26, r24
 168:	cb 01       	movw	r24, r22
 16a:	9c 8f       	std	Y+28, r25	; 0x1c
 16c:	8b 8f       	std	Y+27, r24	; 0x1b
 16e:	8b 8d       	ldd	r24, Y+27	; 0x1b
 170:	9c 8d       	ldd	r25, Y+28	; 0x1c
 172:	98 a3       	std	Y+32, r25	; 0x20
 174:	8f 8f       	std	Y+31, r24	; 0x1f
_delay_loop_2():
/opt/microchip/xc8/v3.10/avr/avr/include/util/delay_basic.h:105
 176:	8f 8d       	ldd	r24, Y+31	; 0x1f
 178:	98 a1       	ldd	r25, Y+32	; 0x20
 17a:	01 97       	sbiw	r24, 0x01	; 1
 17c:	f1 f7       	brne	.-4      	; 0x17a <main+0x10e>
 17e:	98 a3       	std	Y+32, r25	; 0x20
 180:	8f 8f       	std	Y+31, r24	; 0x1f
main():
/home/mahmoud/Documents/faculty-temps/4th-year/semester-1/labs/lab1/communication-atmega32/atmega32-master/main.c:33

    _delay_ms(100);
    RTC_Init();
 182:	0e 94 99 09 	call	0x1332	; 0x1332 <RTC_Init>
/home/mahmoud/Documents/faculty-temps/4th-year/semester-1/labs/lab1/communication-atmega32/atmega32-master/main.c:37

    while (1) {
        /* Read 7 RTC Bytes */
        I2C_Start();
 186:	0e 94 ae 09 	call	0x135c	; 0x135c <I2C_Start>
/home/mahmoud/Documents/faculty-temps/4th-year/semester-1/labs/lab1/communication-atmega32/atmega32-master/main.c:38
        I2C_Write(DS1307_I2C_ADDR);
 18a:	80 ed       	ldi	r24, 0xD0	; 208
 18c:	0e 94 20 09 	call	0x1240	; 0x1240 <I2C_Write>
/home/mahmoud/Documents/faculty-temps/4th-year/semester-1/labs/lab1/communication-atmega32/atmega32-master/main.c:39
        I2C_Write(0x00);
 190:	80 e0       	ldi	r24, 0x00	; 0
 192:	0e 94 20 09 	call	0x1240	; 0x1240 <I2C_Write>
/home/mahmoud/Documents/faculty-temps/4th-year/semester-1/labs/lab1/communication-atmega32/atmega32-master/main.c:41

        I2C_Start(); /* Repeated Start */
 196:	0e 94 ae 09 	call	0x135c	; 0x135c <I2C_Start>
/home/mahmoud/Documents/faculty-temps/4th-year/semester-1/labs/lab1/communication-atmega32/atmega32-master/main.c:42
        I2C_Write(DS1307_I2C_ADDR | 1);
 19a:	81 ed       	ldi	r24, 0xD1	; 209
 19c:	0e 94 20 09 	call	0x1240	; 0x1240 <I2C_Write>
/home/mahmoud/Documents/faculty-temps/4th-year/semester-1/labs/lab1/communication-atmega32/atmega32-master/main.c:44

        for (uint8_t i = 0; i < 6; i++) {
 1a0:	19 82       	std	Y+1, r1	; 0x01
 1a2:	10 c0       	rjmp	.+32     	; 0x1c4 <main+0x158>
/home/mahmoud/Documents/faculty-temps/4th-year/semester-1/labs/lab1/communication-atmega32/atmega32-master/main.c:45 (discriminator 3)
            rtc_raw[i] = I2C_ReadAck();
 1a4:	89 81       	ldd	r24, Y+1	; 0x01
 1a6:	08 2f       	mov	r16, r24
 1a8:	10 e0       	ldi	r17, 0x00	; 0
 1aa:	0e 94 56 09 	call	0x12ac	; 0x12ac <I2C_ReadAck>
 1ae:	28 2f       	mov	r18, r24
 1b0:	ce 01       	movw	r24, r28
 1b2:	81 58       	subi	r24, 0x81	; 129
 1b4:	9f 4f       	sbci	r25, 0xFF	; 255
 1b6:	80 0f       	add	r24, r16
 1b8:	91 1f       	adc	r25, r17
 1ba:	fc 01       	movw	r30, r24
 1bc:	20 83       	st	Z, r18
/home/mahmoud/Documents/faculty-temps/4th-year/semester-1/labs/lab1/communication-atmega32/atmega32-master/main.c:44 (discriminator 3)
        for (uint8_t i = 0; i < 6; i++) {
 1be:	89 81       	ldd	r24, Y+1	; 0x01
 1c0:	8f 5f       	subi	r24, 0xFF	; 255
 1c2:	89 83       	std	Y+1, r24	; 0x01
/home/mahmoud/Documents/faculty-temps/4th-year/semester-1/labs/lab1/communication-atmega32/atmega32-master/main.c:44 (discriminator 1)
 1c4:	89 81       	ldd	r24, Y+1	; 0x01
 1c6:	86 30       	cpi	r24, 0x06	; 6
 1c8:	68 f3       	brcs	.-38     	; 0x1a4 <main+0x138>
/home/mahmoud/Documents/faculty-temps/4th-year/semester-1/labs/lab1/communication-atmega32/atmega32-master/main.c:47
        }
        rtc_raw[6] = I2C_ReadNack();
 1ca:	0e 94 6d 09 	call	0x12da	; 0x12da <I2C_ReadNack>
 1ce:	28 2f       	mov	r18, r24
 1d0:	ce 01       	movw	r24, r28
 1d2:	81 58       	subi	r24, 0x81	; 129
 1d4:	9f 4f       	sbci	r25, 0xFF	; 255
 1d6:	fc 01       	movw	r30, r24
 1d8:	26 83       	std	Z+6, r18	; 0x06
/home/mahmoud/Documents/faculty-temps/4th-year/semester-1/labs/lab1/communication-atmega32/atmega32-master/main.c:48
        I2C_Stop();
 1da:	0e 94 3e 06 	call	0xc7c	; 0xc7c <I2C_Stop>
/home/mahmoud/Documents/faculty-temps/4th-year/semester-1/labs/lab1/communication-atmega32/atmega32-master/main.c:51

        /* Process and Mask Control Bits */
        rtc_data[0] = BCDToDec(rtc_raw[0] & 0x7F); /* Sec: Mask CH bit */
 1de:	ce 01       	movw	r24, r28
 1e0:	81 58       	subi	r24, 0x81	; 129
 1e2:	9f 4f       	sbci	r25, 0xFF	; 255
 1e4:	fc 01       	movw	r30, r24
 1e6:	80 81       	ld	r24, Z
 1e8:	8f 77       	andi	r24, 0x7F	; 127
 1ea:	0e 94 84 09 	call	0x1308	; 0x1308 <BCDToDec>
 1ee:	28 2f       	mov	r18, r24
 1f0:	ce 01       	movw	r24, r28
 1f2:	8a 57       	subi	r24, 0x7A	; 122
 1f4:	9f 4f       	sbci	r25, 0xFF	; 255
 1f6:	fc 01       	movw	r30, r24
 1f8:	20 83       	st	Z, r18
/home/mahmoud/Documents/faculty-temps/4th-year/semester-1/labs/lab1/communication-atmega32/atmega32-master/main.c:52
        rtc_data[1] = BCDToDec(rtc_raw[1] & 0x7F); /* Min: Mask reserved bit */
 1fa:	ce 01       	movw	r24, r28
 1fc:	81 58       	subi	r24, 0x81	; 129
 1fe:	9f 4f       	sbci	r25, 0xFF	; 255
 200:	fc 01       	movw	r30, r24
 202:	81 81       	ldd	r24, Z+1	; 0x01
 204:	8f 77       	andi	r24, 0x7F	; 127
 206:	0e 94 84 09 	call	0x1308	; 0x1308 <BCDToDec>
 20a:	28 2f       	mov	r18, r24
 20c:	ce 01       	movw	r24, r28
 20e:	8a 57       	subi	r24, 0x7A	; 122
 210:	9f 4f       	sbci	r25, 0xFF	; 255
 212:	fc 01       	movw	r30, r24
 214:	21 83       	std	Z+1, r18	; 0x01
/home/mahmoud/Documents/faculty-temps/4th-year/semester-1/labs/lab1/communication-atmega32/atmega32-master/main.c:55
        
        /* Hours: Mask Bit 6 (12/24hr mode) and Bit 5 (AM/PM) */
        if (rtc_raw[2] & 0x40) {
 216:	ce 01       	movw	r24, r28
 218:	81 58       	subi	r24, 0x81	; 129
 21a:	9f 4f       	sbci	r25, 0xFF	; 255
 21c:	fc 01       	movw	r30, r24
 21e:	82 81       	ldd	r24, Z+2	; 0x02
 220:	88 2f       	mov	r24, r24
 222:	90 e0       	ldi	r25, 0x00	; 0
 224:	80 74       	andi	r24, 0x40	; 64
 226:	99 27       	eor	r25, r25
 228:	89 2b       	or	r24, r25
 22a:	79 f0       	breq	.+30     	; 0x24a <main+0x1de>
/home/mahmoud/Documents/faculty-temps/4th-year/semester-1/labs/lab1/communication-atmega32/atmega32-master/main.c:57
            /* 12-Hour Mode */
            rtc_data[2] = BCDToDec(rtc_raw[2] & 0x1F);
 22c:	ce 01       	movw	r24, r28
 22e:	81 58       	subi	r24, 0x81	; 129
 230:	9f 4f       	sbci	r25, 0xFF	; 255
 232:	fc 01       	movw	r30, r24
 234:	82 81       	ldd	r24, Z+2	; 0x02
 236:	8f 71       	andi	r24, 0x1F	; 31
 238:	0e 94 84 09 	call	0x1308	; 0x1308 <BCDToDec>
 23c:	28 2f       	mov	r18, r24
 23e:	ce 01       	movw	r24, r28
 240:	8a 57       	subi	r24, 0x7A	; 122
 242:	9f 4f       	sbci	r25, 0xFF	; 255
 244:	fc 01       	movw	r30, r24
 246:	22 83       	std	Z+2, r18	; 0x02
 248:	0e c0       	rjmp	.+28     	; 0x266 <main+0x1fa>
/home/mahmoud/Documents/faculty-temps/4th-year/semester-1/labs/lab1/communication-atmega32/atmega32-master/main.c:60
        } else {
            /* 24-Hour Mode */
            rtc_data[2] = BCDToDec(rtc_raw[2] & 0x3F);
 24a:	ce 01       	movw	r24, r28
 24c:	81 58       	subi	r24, 0x81	; 129
 24e:	9f 4f       	sbci	r25, 0xFF	; 255
 250:	fc 01       	movw	r30, r24
 252:	82 81       	ldd	r24, Z+2	; 0x02
 254:	8f 73       	andi	r24, 0x3F	; 63
 256:	0e 94 84 09 	call	0x1308	; 0x1308 <BCDToDec>
 25a:	28 2f       	mov	r18, r24
 25c:	ce 01       	movw	r24, r28
 25e:	8a 57       	subi	r24, 0x7A	; 122
 260:	9f 4f       	sbci	r25, 0xFF	; 255
 262:	fc 01       	movw	r30, r24
 264:	22 83       	std	Z+2, r18	; 0x02
/home/mahmoud/Documents/faculty-temps/4th-year/semester-1/labs/lab1/communication-atmega32/atmega32-master/main.c:63
        }

        rtc_data[3] = BCDToDec(rtc_raw[3] & 0x07); /* Day */
 266:	ce 01       	movw	r24, r28
 268:	81 58       	subi	r24, 0x81	; 129
 26a:	9f 4f       	sbci	r25, 0xFF	; 255
 26c:	fc 01       	movw	r30, r24
 26e:	83 81       	ldd	r24, Z+3	; 0x03
 270:	87 70       	andi	r24, 0x07	; 7
 272:	0e 94 84 09 	call	0x1308	; 0x1308 <BCDToDec>
 276:	28 2f       	mov	r18, r24
 278:	ce 01       	movw	r24, r28
 27a:	8a 57       	subi	r24, 0x7A	; 122
 27c:	9f 4f       	sbci	r25, 0xFF	; 255
 27e:	fc 01       	movw	r30, r24
 280:	23 83       	std	Z+3, r18	; 0x03
/home/mahmoud/Documents/faculty-temps/4th-year/semester-1/labs/lab1/communication-atmega32/atmega32-master/main.c:64
        rtc_data[4] = BCDToDec(rtc_raw[4] & 0x3F); /* Date */
 282:	ce 01       	movw	r24, r28
 284:	81 58       	subi	r24, 0x81	; 129
 286:	9f 4f       	sbci	r25, 0xFF	; 255
 288:	fc 01       	movw	r30, r24
 28a:	84 81       	ldd	r24, Z+4	; 0x04
 28c:	8f 73       	andi	r24, 0x3F	; 63
 28e:	0e 94 84 09 	call	0x1308	; 0x1308 <BCDToDec>
 292:	28 2f       	mov	r18, r24
 294:	ce 01       	movw	r24, r28
 296:	8a 57       	subi	r24, 0x7A	; 122
 298:	9f 4f       	sbci	r25, 0xFF	; 255
 29a:	fc 01       	movw	r30, r24
 29c:	24 83       	std	Z+4, r18	; 0x04
/home/mahmoud/Documents/faculty-temps/4th-year/semester-1/labs/lab1/communication-atmega32/atmega32-master/main.c:65
        rtc_data[5] = BCDToDec(rtc_raw[5] & 0x1F); /* Month */
 29e:	ce 01       	movw	r24, r28
 2a0:	81 58       	subi	r24, 0x81	; 129
 2a2:	9f 4f       	sbci	r25, 0xFF	; 255
 2a4:	fc 01       	movw	r30, r24
 2a6:	85 81       	ldd	r24, Z+5	; 0x05
 2a8:	8f 71       	andi	r24, 0x1F	; 31
 2aa:	0e 94 84 09 	call	0x1308	; 0x1308 <BCDToDec>
 2ae:	28 2f       	mov	r18, r24
 2b0:	ce 01       	movw	r24, r28
 2b2:	8a 57       	subi	r24, 0x7A	; 122
 2b4:	9f 4f       	sbci	r25, 0xFF	; 255
 2b6:	fc 01       	movw	r30, r24
 2b8:	25 83       	std	Z+5, r18	; 0x05
/home/mahmoud/Documents/faculty-temps/4th-year/semester-1/labs/lab1/communication-atmega32/atmega32-master/main.c:66
        rtc_data[6] = BCDToDec(rtc_raw[6]);        /* Year */
 2ba:	ce 01       	movw	r24, r28
 2bc:	81 58       	subi	r24, 0x81	; 129
 2be:	9f 4f       	sbci	r25, 0xFF	; 255
 2c0:	fc 01       	movw	r30, r24
 2c2:	86 81       	ldd	r24, Z+6	; 0x06
 2c4:	0e 94 84 09 	call	0x1308	; 0x1308 <BCDToDec>
 2c8:	28 2f       	mov	r18, r24
 2ca:	ce 01       	movw	r24, r28
 2cc:	8a 57       	subi	r24, 0x7A	; 122
 2ce:	9f 4f       	sbci	r25, 0xFF	; 255
 2d0:	fc 01       	movw	r30, r24
 2d2:	26 83       	std	Z+6, r18	; 0x06
/home/mahmoud/Documents/faculty-temps/4th-year/semester-1/labs/lab1/communication-atmega32/atmega32-master/main.c:69

        /* Send frame to Slave over SPI */
        SPI_SelectSlave();
 2d4:	0e 94 c2 09 	call	0x1384	; 0x1384 <SPI_SelectSlave>
 2d8:	80 e0       	ldi	r24, 0x00	; 0
 2da:	90 e0       	ldi	r25, 0x00	; 0
 2dc:	a0 ea       	ldi	r26, 0xA0	; 160
 2de:	b1 e4       	ldi	r27, 0x41	; 65
 2e0:	8b 87       	std	Y+11, r24	; 0x0b
 2e2:	9c 87       	std	Y+12, r25	; 0x0c
 2e4:	ad 87       	std	Y+13, r26	; 0x0d
 2e6:	be 87       	std	Y+14, r27	; 0x0e
_delay_us():
/opt/microchip/xc8/v3.10/avr/avr/include/util/delay.h:281
	__tmp = ((F_CPU) / 3e6) * __us;
 2e8:	2b ea       	ldi	r18, 0xAB	; 171
 2ea:	3a ea       	ldi	r19, 0xAA	; 170
 2ec:	4a ea       	ldi	r20, 0xAA	; 170
 2ee:	50 e4       	ldi	r21, 0x40	; 64
 2f0:	6b 85       	ldd	r22, Y+11	; 0x0b
 2f2:	7c 85       	ldd	r23, Y+12	; 0x0c
 2f4:	8d 85       	ldd	r24, Y+13	; 0x0d
 2f6:	9e 85       	ldd	r25, Y+14	; 0x0e
 2f8:	0e 94 29 0a 	call	0x1452	; 0x1452 <__mulsf3>
 2fc:	dc 01       	movw	r26, r24
 2fe:	cb 01       	movw	r24, r22
 300:	9e 01       	movw	r18, r28
 302:	23 5c       	subi	r18, 0xC3	; 195
 304:	3f 4f       	sbci	r19, 0xFF	; 255
 306:	f9 01       	movw	r30, r18
 308:	80 83       	st	Z, r24
 30a:	91 83       	std	Z+1, r25	; 0x01
 30c:	a2 83       	std	Z+2, r26	; 0x02
 30e:	b3 83       	std	Z+3, r27	; 0x03
/opt/microchip/xc8/v3.10/avr/avr/include/util/delay.h:282
	__tmp2 = ((F_CPU) / 4e6) * __us;
 310:	8e 01       	movw	r16, r28
 312:	0f 5b       	subi	r16, 0xBF	; 191
 314:	1f 4f       	sbci	r17, 0xFF	; 255
 316:	20 e0       	ldi	r18, 0x00	; 0
 318:	30 e0       	ldi	r19, 0x00	; 0
 31a:	40 e8       	ldi	r20, 0x80	; 128
 31c:	50 e4       	ldi	r21, 0x40	; 64
 31e:	6b 85       	ldd	r22, Y+11	; 0x0b
 320:	7c 85       	ldd	r23, Y+12	; 0x0c
 322:	8d 85       	ldd	r24, Y+13	; 0x0d
 324:	9e 85       	ldd	r25, Y+14	; 0x0e
 326:	0e 94 29 0a 	call	0x1452	; 0x1452 <__mulsf3>
 32a:	dc 01       	movw	r26, r24
 32c:	cb 01       	movw	r24, r22
 32e:	f8 01       	movw	r30, r16
 330:	80 83       	st	Z, r24
 332:	91 83       	std	Z+1, r25	; 0x01
 334:	a2 83       	std	Z+2, r26	; 0x02
 336:	b3 83       	std	Z+3, r27	; 0x03
/opt/microchip/xc8/v3.10/avr/avr/include/util/delay.h:283
	if (__tmp < 1.0)
 338:	20 e0       	ldi	r18, 0x00	; 0
 33a:	30 e0       	ldi	r19, 0x00	; 0
 33c:	40 e8       	ldi	r20, 0x80	; 128
 33e:	5f e3       	ldi	r21, 0x3F	; 63
 340:	ce 01       	movw	r24, r28
 342:	cd 96       	adiw	r24, 0x3d	; 61
 344:	fc 01       	movw	r30, r24
 346:	60 81       	ld	r22, Z
 348:	71 81       	ldd	r23, Z+1	; 0x01
 34a:	82 81       	ldd	r24, Z+2	; 0x02
 34c:	93 81       	ldd	r25, Z+3	; 0x03
 34e:	0e 94 1b 0a 	call	0x1436	; 0x1436 <__cmpsf2>
 352:	88 23       	and	r24, r24
 354:	3c f4       	brge	.+14     	; 0x364 <main+0x2f8>
/opt/microchip/xc8/v3.10/avr/avr/include/util/delay.h:284
		__ticks = 1;
 356:	ce 01       	movw	r24, r28
 358:	8b 5b       	subi	r24, 0xBB	; 187
 35a:	9f 4f       	sbci	r25, 0xFF	; 255
 35c:	21 e0       	ldi	r18, 0x01	; 1
 35e:	fc 01       	movw	r30, r24
 360:	20 83       	st	Z, r18
 362:	2a c1       	rjmp	.+596    	; 0x5b8 <__BOOTROW_REGION_LENGTH__+0x1b8>
/opt/microchip/xc8/v3.10/avr/avr/include/util/delay.h:285
	else if (__tmp2 > 65535)
 364:	ce 01       	movw	r24, r28
 366:	8f 5b       	subi	r24, 0xBF	; 191
 368:	9f 4f       	sbci	r25, 0xFF	; 255
 36a:	20 e0       	ldi	r18, 0x00	; 0
 36c:	3f ef       	ldi	r19, 0xFF	; 255
 36e:	4f e7       	ldi	r20, 0x7F	; 127
 370:	57 e4       	ldi	r21, 0x47	; 71
 372:	fc 01       	movw	r30, r24
 374:	60 81       	ld	r22, Z
 376:	71 81       	ldd	r23, Z+1	; 0x01
 378:	82 81       	ldd	r24, Z+2	; 0x02
 37a:	93 81       	ldd	r25, Z+3	; 0x03
 37c:	0e 94 20 0a 	call	0x1440	; 0x1440 <__gesf2>
 380:	18 16       	cp	r1, r24
 382:	0c f0       	brlt	.+2      	; 0x386 <main+0x31a>
 384:	cd c0       	rjmp	.+410    	; 0x520 <__BOOTROW_REGION_LENGTH__+0x120>
/opt/microchip/xc8/v3.10/avr/avr/include/util/delay.h:287
		_delay_ms(__us / 1000.0);
 386:	20 e0       	ldi	r18, 0x00	; 0
 388:	30 e0       	ldi	r19, 0x00	; 0
 38a:	4a e7       	ldi	r20, 0x7A	; 122
 38c:	54 e4       	ldi	r21, 0x44	; 68
 38e:	6b 85       	ldd	r22, Y+11	; 0x0b
 390:	7c 85       	ldd	r23, Y+12	; 0x0c
 392:	8d 85       	ldd	r24, Y+13	; 0x0d
 394:	9e 85       	ldd	r25, Y+14	; 0x0e
 396:	0e 94 25 0a 	call	0x144a	; 0x144a <__divsf3>
 39a:	dc 01       	movw	r26, r24
 39c:	cb 01       	movw	r24, r22
 39e:	9e 01       	movw	r18, r28
 3a0:	2a 5b       	subi	r18, 0xBA	; 186
 3a2:	3f 4f       	sbci	r19, 0xFF	; 255
 3a4:	f9 01       	movw	r30, r18
 3a6:	80 83       	st	Z, r24
 3a8:	91 83       	std	Z+1, r25	; 0x01
 3aa:	a2 83       	std	Z+2, r26	; 0x02
 3ac:	b3 83       	std	Z+3, r27	; 0x03
_delay_ms():
/opt/microchip/xc8/v3.10/avr/avr/include/util/delay.h:191
	__tmp = ((F_CPU) / 4e3) * __ms;
 3ae:	8e 01       	movw	r16, r28
 3b0:	06 5b       	subi	r16, 0xB6	; 182
 3b2:	1f 4f       	sbci	r17, 0xFF	; 255
 3b4:	ce 01       	movw	r24, r28
 3b6:	8a 5b       	subi	r24, 0xBA	; 186
 3b8:	9f 4f       	sbci	r25, 0xFF	; 255
 3ba:	20 e0       	ldi	r18, 0x00	; 0
 3bc:	30 e0       	ldi	r19, 0x00	; 0
 3be:	4a e7       	ldi	r20, 0x7A	; 122
 3c0:	55 e4       	ldi	r21, 0x45	; 69
 3c2:	fc 01       	movw	r30, r24
 3c4:	60 81       	ld	r22, Z
 3c6:	71 81       	ldd	r23, Z+1	; 0x01
 3c8:	82 81       	ldd	r24, Z+2	; 0x02
 3ca:	93 81       	ldd	r25, Z+3	; 0x03
 3cc:	0e 94 29 0a 	call	0x1452	; 0x1452 <__mulsf3>
 3d0:	dc 01       	movw	r26, r24
 3d2:	cb 01       	movw	r24, r22
 3d4:	f8 01       	movw	r30, r16
 3d6:	80 83       	st	Z, r24
 3d8:	91 83       	std	Z+1, r25	; 0x01
 3da:	a2 83       	std	Z+2, r26	; 0x02
 3dc:	b3 83       	std	Z+3, r27	; 0x03
/opt/microchip/xc8/v3.10/avr/avr/include/util/delay.h:192
	if (__tmp < 1.0)
 3de:	ce 01       	movw	r24, r28
 3e0:	86 5b       	subi	r24, 0xB6	; 182
 3e2:	9f 4f       	sbci	r25, 0xFF	; 255
 3e4:	20 e0       	ldi	r18, 0x00	; 0
 3e6:	30 e0       	ldi	r19, 0x00	; 0
 3e8:	40 e8       	ldi	r20, 0x80	; 128
 3ea:	5f e3       	ldi	r21, 0x3F	; 63
 3ec:	fc 01       	movw	r30, r24
 3ee:	60 81       	ld	r22, Z
 3f0:	71 81       	ldd	r23, Z+1	; 0x01
 3f2:	82 81       	ldd	r24, Z+2	; 0x02
 3f4:	93 81       	ldd	r25, Z+3	; 0x03
 3f6:	0e 94 1b 0a 	call	0x1436	; 0x1436 <__cmpsf2>
 3fa:	88 23       	and	r24, r24
 3fc:	4c f4       	brge	.+18     	; 0x410 <__BOOTROW_REGION_LENGTH__+0x10>
/opt/microchip/xc8/v3.10/avr/avr/include/util/delay.h:193
		__ticks = 1;
 3fe:	ce 01       	movw	r24, r28
 400:	82 5b       	subi	r24, 0xB2	; 178
 402:	9f 4f       	sbci	r25, 0xFF	; 255
 404:	21 e0       	ldi	r18, 0x01	; 1
 406:	30 e0       	ldi	r19, 0x00	; 0
 408:	fc 01       	movw	r30, r24
 40a:	31 83       	std	Z+1, r19	; 0x01
 40c:	20 83       	st	Z, r18
 40e:	6d c0       	rjmp	.+218    	; 0x4ea <__BOOTROW_REGION_LENGTH__+0xea>
/opt/microchip/xc8/v3.10/avr/avr/include/util/delay.h:194
	else if (__tmp > 65535)
 410:	ce 01       	movw	r24, r28
 412:	86 5b       	subi	r24, 0xB6	; 182
 414:	9f 4f       	sbci	r25, 0xFF	; 255
 416:	20 e0       	ldi	r18, 0x00	; 0
 418:	3f ef       	ldi	r19, 0xFF	; 255
 41a:	4f e7       	ldi	r20, 0x7F	; 127
 41c:	57 e4       	ldi	r21, 0x47	; 71
 41e:	fc 01       	movw	r30, r24
 420:	60 81       	ld	r22, Z
 422:	71 81       	ldd	r23, Z+1	; 0x01
 424:	82 81       	ldd	r24, Z+2	; 0x02
 426:	93 81       	ldd	r25, Z+3	; 0x03
 428:	0e 94 20 0a 	call	0x1440	; 0x1440 <__gesf2>
 42c:	18 16       	cp	r1, r24
 42e:	0c f0       	brlt	.+2      	; 0x432 <__BOOTROW_REGION_LENGTH__+0x32>
 430:	4a c0       	rjmp	.+148    	; 0x4c6 <__BOOTROW_REGION_LENGTH__+0xc6>
/opt/microchip/xc8/v3.10/avr/avr/include/util/delay.h:197
		__ticks = (uint16_t) (__ms * 10.0);
 432:	ce 01       	movw	r24, r28
 434:	8a 5b       	subi	r24, 0xBA	; 186
 436:	9f 4f       	sbci	r25, 0xFF	; 255
 438:	20 e0       	ldi	r18, 0x00	; 0
 43a:	30 e0       	ldi	r19, 0x00	; 0
 43c:	40 e2       	ldi	r20, 0x20	; 32
 43e:	51 e4       	ldi	r21, 0x41	; 65
 440:	fc 01       	movw	r30, r24
 442:	60 81       	ld	r22, Z
 444:	71 81       	ldd	r23, Z+1	; 0x01
 446:	82 81       	ldd	r24, Z+2	; 0x02
 448:	93 81       	ldd	r25, Z+3	; 0x03
 44a:	0e 94 29 0a 	call	0x1452	; 0x1452 <__mulsf3>
 44e:	dc 01       	movw	r26, r24
 450:	cb 01       	movw	r24, r22
 452:	8e 01       	movw	r16, r28
 454:	02 5b       	subi	r16, 0xB2	; 178
 456:	1f 4f       	sbci	r17, 0xFF	; 255
 458:	bc 01       	movw	r22, r24
 45a:	cd 01       	movw	r24, r26
 45c:	0e 94 61 08 	call	0x10c2	; 0x10c2 <__fixunssfsi>
 460:	dc 01       	movw	r26, r24
 462:	cb 01       	movw	r24, r22
 464:	f8 01       	movw	r30, r16
 466:	91 83       	std	Z+1, r25	; 0x01
 468:	80 83       	st	Z, r24
 46a:	24 c0       	rjmp	.+72     	; 0x4b4 <__BOOTROW_REGION_LENGTH__+0xb4>
 46c:	ce 01       	movw	r24, r28
 46e:	80 5b       	subi	r24, 0xB0	; 176
 470:	9f 4f       	sbci	r25, 0xFF	; 255
 472:	20 e9       	ldi	r18, 0x90	; 144
 474:	31 e0       	ldi	r19, 0x01	; 1
 476:	fc 01       	movw	r30, r24
 478:	31 83       	std	Z+1, r19	; 0x01
 47a:	20 83       	st	Z, r18
_delay_loop_2():
/opt/microchip/xc8/v3.10/avr/avr/include/util/delay_basic.h:105
 47c:	ce 01       	movw	r24, r28
 47e:	80 5b       	subi	r24, 0xB0	; 176
 480:	9f 4f       	sbci	r25, 0xFF	; 255
 482:	fc 01       	movw	r30, r24
 484:	80 81       	ld	r24, Z
 486:	91 81       	ldd	r25, Z+1	; 0x01
 488:	01 97       	sbiw	r24, 0x01	; 1
 48a:	f1 f7       	brne	.-4      	; 0x488 <__BOOTROW_REGION_LENGTH__+0x88>
 48c:	9e 01       	movw	r18, r28
 48e:	20 5b       	subi	r18, 0xB0	; 176
 490:	3f 4f       	sbci	r19, 0xFF	; 255
 492:	f9 01       	movw	r30, r18
 494:	91 83       	std	Z+1, r25	; 0x01
 496:	80 83       	st	Z, r24
_delay_ms():
/opt/microchip/xc8/v3.10/avr/avr/include/util/delay.h:202
			__ticks --;
 498:	ce 01       	movw	r24, r28
 49a:	82 5b       	subi	r24, 0xB2	; 178
 49c:	9f 4f       	sbci	r25, 0xFF	; 255
 49e:	9e 01       	movw	r18, r28
 4a0:	22 5b       	subi	r18, 0xB2	; 178
 4a2:	3f 4f       	sbci	r19, 0xFF	; 255
 4a4:	f9 01       	movw	r30, r18
 4a6:	20 81       	ld	r18, Z
 4a8:	31 81       	ldd	r19, Z+1	; 0x01
 4aa:	21 50       	subi	r18, 0x01	; 1
 4ac:	31 09       	sbc	r19, r1
 4ae:	fc 01       	movw	r30, r24
 4b0:	31 83       	std	Z+1, r19	; 0x01
 4b2:	20 83       	st	Z, r18
/opt/microchip/xc8/v3.10/avr/avr/include/util/delay.h:198
		while(__ticks)
 4b4:	ce 01       	movw	r24, r28
 4b6:	82 5b       	subi	r24, 0xB2	; 178
 4b8:	9f 4f       	sbci	r25, 0xFF	; 255
 4ba:	fc 01       	movw	r30, r24
 4bc:	80 81       	ld	r24, Z
 4be:	91 81       	ldd	r25, Z+1	; 0x01
 4c0:	89 2b       	or	r24, r25
 4c2:	a1 f6       	brne	.-88     	; 0x46c <__BOOTROW_REGION_LENGTH__+0x6c>
 4c4:	79 c0       	rjmp	.+242    	; 0x5b8 <__BOOTROW_REGION_LENGTH__+0x1b8>
/opt/microchip/xc8/v3.10/avr/avr/include/util/delay.h:207
		__ticks = (uint16_t)__tmp;
 4c6:	8e 01       	movw	r16, r28
 4c8:	02 5b       	subi	r16, 0xB2	; 178
 4ca:	1f 4f       	sbci	r17, 0xFF	; 255
 4cc:	ce 01       	movw	r24, r28
 4ce:	86 5b       	subi	r24, 0xB6	; 182
 4d0:	9f 4f       	sbci	r25, 0xFF	; 255
 4d2:	fc 01       	movw	r30, r24
 4d4:	60 81       	ld	r22, Z
 4d6:	71 81       	ldd	r23, Z+1	; 0x01
 4d8:	82 81       	ldd	r24, Z+2	; 0x02
 4da:	93 81       	ldd	r25, Z+3	; 0x03
 4dc:	0e 94 61 08 	call	0x10c2	; 0x10c2 <__fixunssfsi>
 4e0:	dc 01       	movw	r26, r24
 4e2:	cb 01       	movw	r24, r22
 4e4:	f8 01       	movw	r30, r16
 4e6:	91 83       	std	Z+1, r25	; 0x01
 4e8:	80 83       	st	Z, r24
 4ea:	ce 01       	movw	r24, r28
 4ec:	8e 5a       	subi	r24, 0xAE	; 174
 4ee:	9f 4f       	sbci	r25, 0xFF	; 255
 4f0:	9e 01       	movw	r18, r28
 4f2:	22 5b       	subi	r18, 0xB2	; 178
 4f4:	3f 4f       	sbci	r19, 0xFF	; 255
 4f6:	f9 01       	movw	r30, r18
 4f8:	20 81       	ld	r18, Z
 4fa:	31 81       	ldd	r19, Z+1	; 0x01
 4fc:	fc 01       	movw	r30, r24
 4fe:	31 83       	std	Z+1, r19	; 0x01
 500:	20 83       	st	Z, r18
_delay_loop_2():
/opt/microchip/xc8/v3.10/avr/avr/include/util/delay_basic.h:105
 502:	ce 01       	movw	r24, r28
 504:	8e 5a       	subi	r24, 0xAE	; 174
 506:	9f 4f       	sbci	r25, 0xFF	; 255
 508:	fc 01       	movw	r30, r24
 50a:	80 81       	ld	r24, Z
 50c:	91 81       	ldd	r25, Z+1	; 0x01
 50e:	01 97       	sbiw	r24, 0x01	; 1
 510:	f1 f7       	brne	.-4      	; 0x50e <__BOOTROW_REGION_LENGTH__+0x10e>
 512:	9e 01       	movw	r18, r28
 514:	2e 5a       	subi	r18, 0xAE	; 174
 516:	3f 4f       	sbci	r19, 0xFF	; 255
 518:	f9 01       	movw	r30, r18
 51a:	91 83       	std	Z+1, r25	; 0x01
 51c:	80 83       	st	Z, r24
 51e:	4c c0       	rjmp	.+152    	; 0x5b8 <__BOOTROW_REGION_LENGTH__+0x1b8>
_delay_us():
/opt/microchip/xc8/v3.10/avr/avr/include/util/delay.h:289
	else if (__tmp > 255)
 520:	20 e0       	ldi	r18, 0x00	; 0
 522:	30 e0       	ldi	r19, 0x00	; 0
 524:	4f e7       	ldi	r20, 0x7F	; 127
 526:	53 e4       	ldi	r21, 0x43	; 67
 528:	ce 01       	movw	r24, r28
 52a:	cd 96       	adiw	r24, 0x3d	; 61
 52c:	fc 01       	movw	r30, r24
 52e:	60 81       	ld	r22, Z
 530:	71 81       	ldd	r23, Z+1	; 0x01
 532:	82 81       	ldd	r24, Z+2	; 0x02
 534:	93 81       	ldd	r25, Z+3	; 0x03
 536:	0e 94 20 0a 	call	0x1440	; 0x1440 <__gesf2>
 53a:	18 16       	cp	r1, r24
 53c:	6c f5       	brge	.+90     	; 0x598 <__BOOTROW_REGION_LENGTH__+0x198>
/opt/microchip/xc8/v3.10/avr/avr/include/util/delay.h:291
		uint16_t __ticks=(uint16_t)__tmp2;
 53e:	8e 01       	movw	r16, r28
 540:	0c 5a       	subi	r16, 0xAC	; 172
 542:	1f 4f       	sbci	r17, 0xFF	; 255
 544:	ce 01       	movw	r24, r28
 546:	8f 5b       	subi	r24, 0xBF	; 191
 548:	9f 4f       	sbci	r25, 0xFF	; 255
 54a:	fc 01       	movw	r30, r24
 54c:	60 81       	ld	r22, Z
 54e:	71 81       	ldd	r23, Z+1	; 0x01
 550:	82 81       	ldd	r24, Z+2	; 0x02
 552:	93 81       	ldd	r25, Z+3	; 0x03
 554:	0e 94 61 08 	call	0x10c2	; 0x10c2 <__fixunssfsi>
 558:	dc 01       	movw	r26, r24
 55a:	cb 01       	movw	r24, r22
 55c:	f8 01       	movw	r30, r16
 55e:	91 83       	std	Z+1, r25	; 0x01
 560:	80 83       	st	Z, r24
 562:	ce 01       	movw	r24, r28
 564:	8a 5a       	subi	r24, 0xAA	; 170
 566:	9f 4f       	sbci	r25, 0xFF	; 255
 568:	9e 01       	movw	r18, r28
 56a:	2c 5a       	subi	r18, 0xAC	; 172
 56c:	3f 4f       	sbci	r19, 0xFF	; 255
 56e:	f9 01       	movw	r30, r18
 570:	20 81       	ld	r18, Z
 572:	31 81       	ldd	r19, Z+1	; 0x01
 574:	fc 01       	movw	r30, r24
 576:	31 83       	std	Z+1, r19	; 0x01
 578:	20 83       	st	Z, r18
_delay_loop_2():
/opt/microchip/xc8/v3.10/avr/avr/include/util/delay_basic.h:105
 57a:	ce 01       	movw	r24, r28
 57c:	8a 5a       	subi	r24, 0xAA	; 170
 57e:	9f 4f       	sbci	r25, 0xFF	; 255
 580:	fc 01       	movw	r30, r24
 582:	80 81       	ld	r24, Z
 584:	91 81       	ldd	r25, Z+1	; 0x01
 586:	01 97       	sbiw	r24, 0x01	; 1
 588:	f1 f7       	brne	.-4      	; 0x586 <__BOOTROW_REGION_LENGTH__+0x186>
 58a:	9e 01       	movw	r18, r28
 58c:	2a 5a       	subi	r18, 0xAA	; 170
 58e:	3f 4f       	sbci	r19, 0xFF	; 255
 590:	f9 01       	movw	r30, r18
 592:	91 83       	std	Z+1, r25	; 0x01
 594:	80 83       	st	Z, r24
 596:	27 c0       	rjmp	.+78     	; 0x5e6 <__BOOTROW_REGION_LENGTH__+0x1e6>
_delay_us():
/opt/microchip/xc8/v3.10/avr/avr/include/util/delay.h:296
		__ticks = (uint8_t)__tmp;
 598:	8e 01       	movw	r16, r28
 59a:	0b 5b       	subi	r16, 0xBB	; 187
 59c:	1f 4f       	sbci	r17, 0xFF	; 255
 59e:	ce 01       	movw	r24, r28
 5a0:	cd 96       	adiw	r24, 0x3d	; 61
 5a2:	fc 01       	movw	r30, r24
 5a4:	60 81       	ld	r22, Z
 5a6:	71 81       	ldd	r23, Z+1	; 0x01
 5a8:	82 81       	ldd	r24, Z+2	; 0x02
 5aa:	93 81       	ldd	r25, Z+3	; 0x03
 5ac:	0e 94 61 08 	call	0x10c2	; 0x10c2 <__fixunssfsi>
 5b0:	dc 01       	movw	r26, r24
 5b2:	cb 01       	movw	r24, r22
 5b4:	f8 01       	movw	r30, r16
 5b6:	80 83       	st	Z, r24
 5b8:	ce 01       	movw	r24, r28
 5ba:	88 5a       	subi	r24, 0xA8	; 168
 5bc:	9f 4f       	sbci	r25, 0xFF	; 255
 5be:	9e 01       	movw	r18, r28
 5c0:	2b 5b       	subi	r18, 0xBB	; 187
 5c2:	3f 4f       	sbci	r19, 0xFF	; 255
 5c4:	f9 01       	movw	r30, r18
 5c6:	20 81       	ld	r18, Z
 5c8:	fc 01       	movw	r30, r24
 5ca:	20 83       	st	Z, r18
_delay_loop_1():
/opt/microchip/xc8/v3.10/avr/avr/include/util/delay_basic.h:83
	__asm__ volatile (
 5cc:	ce 01       	movw	r24, r28
 5ce:	88 5a       	subi	r24, 0xA8	; 168
 5d0:	9f 4f       	sbci	r25, 0xFF	; 255
 5d2:	fc 01       	movw	r30, r24
 5d4:	80 81       	ld	r24, Z
 5d6:	28 2f       	mov	r18, r24
 5d8:	2a 95       	dec	r18
 5da:	f1 f7       	brne	.-4      	; 0x5d8 <__BOOTROW_REGION_LENGTH__+0x1d8>
 5dc:	ce 01       	movw	r24, r28
 5de:	88 5a       	subi	r24, 0xA8	; 168
 5e0:	9f 4f       	sbci	r25, 0xFF	; 255
 5e2:	fc 01       	movw	r30, r24
 5e4:	20 83       	st	Z, r18
main():
/home/mahmoud/Documents/faculty-temps/4th-year/semester-1/labs/lab1/communication-atmega32/atmega32-master/main.c:72
        _delay_us(20);

        SPI_Transfer(0xAA); /* Sync header */
 5e6:	8a ea       	ldi	r24, 0xAA	; 170
 5e8:	0e 94 3c 09 	call	0x1278	; 0x1278 <SPI_Transfer>
 5ec:	80 e0       	ldi	r24, 0x00	; 0
 5ee:	90 e0       	ldi	r25, 0x00	; 0
 5f0:	a8 e4       	ldi	r26, 0x48	; 72
 5f2:	b2 e4       	ldi	r27, 0x42	; 66
 5f4:	8b 83       	std	Y+3, r24	; 0x03
 5f6:	9c 83       	std	Y+4, r25	; 0x04
 5f8:	ad 83       	std	Y+5, r26	; 0x05
 5fa:	be 83       	std	Y+6, r27	; 0x06
_delay_us():
/opt/microchip/xc8/v3.10/avr/avr/include/util/delay.h:281
	__tmp = ((F_CPU) / 3e6) * __us;
 5fc:	2b ea       	ldi	r18, 0xAB	; 171
 5fe:	3a ea       	ldi	r19, 0xAA	; 170
 600:	4a ea       	ldi	r20, 0xAA	; 170
 602:	50 e4       	ldi	r21, 0x40	; 64
 604:	6b 81       	ldd	r22, Y+3	; 0x03
 606:	7c 81       	ldd	r23, Y+4	; 0x04
 608:	8d 81       	ldd	r24, Y+5	; 0x05
 60a:	9e 81       	ldd	r25, Y+6	; 0x06
 60c:	0e 94 29 0a 	call	0x1452	; 0x1452 <__mulsf3>
 610:	dc 01       	movw	r26, r24
 612:	cb 01       	movw	r24, r22
 614:	89 a3       	std	Y+33, r24	; 0x21
 616:	9a a3       	std	Y+34, r25	; 0x22
 618:	ab a3       	std	Y+35, r26	; 0x23
 61a:	bc a3       	std	Y+36, r27	; 0x24
/opt/microchip/xc8/v3.10/avr/avr/include/util/delay.h:282
	__tmp2 = ((F_CPU) / 4e6) * __us;
 61c:	20 e0       	ldi	r18, 0x00	; 0
 61e:	30 e0       	ldi	r19, 0x00	; 0
 620:	40 e8       	ldi	r20, 0x80	; 128
 622:	50 e4       	ldi	r21, 0x40	; 64
 624:	6b 81       	ldd	r22, Y+3	; 0x03
 626:	7c 81       	ldd	r23, Y+4	; 0x04
 628:	8d 81       	ldd	r24, Y+5	; 0x05
 62a:	9e 81       	ldd	r25, Y+6	; 0x06
 62c:	0e 94 29 0a 	call	0x1452	; 0x1452 <__mulsf3>
 630:	dc 01       	movw	r26, r24
 632:	cb 01       	movw	r24, r22
 634:	8d a3       	std	Y+37, r24	; 0x25
 636:	9e a3       	std	Y+38, r25	; 0x26
 638:	af a3       	std	Y+39, r26	; 0x27
 63a:	b8 a7       	std	Y+40, r27	; 0x28
/opt/microchip/xc8/v3.10/avr/avr/include/util/delay.h:283
	if (__tmp < 1.0)
 63c:	20 e0       	ldi	r18, 0x00	; 0
 63e:	30 e0       	ldi	r19, 0x00	; 0
 640:	40 e8       	ldi	r20, 0x80	; 128
 642:	5f e3       	ldi	r21, 0x3F	; 63
 644:	69 a1       	ldd	r22, Y+33	; 0x21
 646:	7a a1       	ldd	r23, Y+34	; 0x22
 648:	8b a1       	ldd	r24, Y+35	; 0x23
 64a:	9c a1       	ldd	r25, Y+36	; 0x24
 64c:	0e 94 1b 0a 	call	0x1436	; 0x1436 <__cmpsf2>
 650:	88 23       	and	r24, r24
 652:	1c f4       	brge	.+6      	; 0x65a <__BOOTROW_REGION_LENGTH__+0x25a>
/opt/microchip/xc8/v3.10/avr/avr/include/util/delay.h:284
		__ticks = 1;
 654:	81 e0       	ldi	r24, 0x01	; 1
 656:	89 a7       	std	Y+41, r24	; 0x29
 658:	b2 c0       	rjmp	.+356    	; 0x7be <__BOOTROW_REGION_LENGTH__+0x3be>
/opt/microchip/xc8/v3.10/avr/avr/include/util/delay.h:285
	else if (__tmp2 > 65535)
 65a:	20 e0       	ldi	r18, 0x00	; 0
 65c:	3f ef       	ldi	r19, 0xFF	; 255
 65e:	4f e7       	ldi	r20, 0x7F	; 127
 660:	57 e4       	ldi	r21, 0x47	; 71
 662:	6d a1       	ldd	r22, Y+37	; 0x25
 664:	7e a1       	ldd	r23, Y+38	; 0x26
 666:	8f a1       	ldd	r24, Y+39	; 0x27
 668:	98 a5       	ldd	r25, Y+40	; 0x28
 66a:	0e 94 20 0a 	call	0x1440	; 0x1440 <__gesf2>
 66e:	18 16       	cp	r1, r24
 670:	0c f0       	brlt	.+2      	; 0x674 <__BOOTROW_REGION_LENGTH__+0x274>
 672:	7b c0       	rjmp	.+246    	; 0x76a <__BOOTROW_REGION_LENGTH__+0x36a>
/opt/microchip/xc8/v3.10/avr/avr/include/util/delay.h:287
		_delay_ms(__us / 1000.0);
 674:	20 e0       	ldi	r18, 0x00	; 0
 676:	30 e0       	ldi	r19, 0x00	; 0
 678:	4a e7       	ldi	r20, 0x7A	; 122
 67a:	54 e4       	ldi	r21, 0x44	; 68
 67c:	6b 81       	ldd	r22, Y+3	; 0x03
 67e:	7c 81       	ldd	r23, Y+4	; 0x04
 680:	8d 81       	ldd	r24, Y+5	; 0x05
 682:	9e 81       	ldd	r25, Y+6	; 0x06
 684:	0e 94 25 0a 	call	0x144a	; 0x144a <__divsf3>
 688:	dc 01       	movw	r26, r24
 68a:	cb 01       	movw	r24, r22
 68c:	8a a7       	std	Y+42, r24	; 0x2a
 68e:	9b a7       	std	Y+43, r25	; 0x2b
 690:	ac a7       	std	Y+44, r26	; 0x2c
 692:	bd a7       	std	Y+45, r27	; 0x2d
_delay_ms():
/opt/microchip/xc8/v3.10/avr/avr/include/util/delay.h:191
	__tmp = ((F_CPU) / 4e3) * __ms;
 694:	20 e0       	ldi	r18, 0x00	; 0
 696:	30 e0       	ldi	r19, 0x00	; 0
 698:	4a e7       	ldi	r20, 0x7A	; 122
 69a:	55 e4       	ldi	r21, 0x45	; 69
 69c:	6a a5       	ldd	r22, Y+42	; 0x2a
 69e:	7b a5       	ldd	r23, Y+43	; 0x2b
 6a0:	8c a5       	ldd	r24, Y+44	; 0x2c
 6a2:	9d a5       	ldd	r25, Y+45	; 0x2d
 6a4:	0e 94 29 0a 	call	0x1452	; 0x1452 <__mulsf3>
 6a8:	dc 01       	movw	r26, r24
 6aa:	cb 01       	movw	r24, r22
 6ac:	8e a7       	std	Y+46, r24	; 0x2e
 6ae:	9f a7       	std	Y+47, r25	; 0x2f
 6b0:	a8 ab       	std	Y+48, r26	; 0x30
 6b2:	b9 ab       	std	Y+49, r27	; 0x31
/opt/microchip/xc8/v3.10/avr/avr/include/util/delay.h:192
	if (__tmp < 1.0)
 6b4:	20 e0       	ldi	r18, 0x00	; 0
 6b6:	30 e0       	ldi	r19, 0x00	; 0
 6b8:	40 e8       	ldi	r20, 0x80	; 128
 6ba:	5f e3       	ldi	r21, 0x3F	; 63
 6bc:	6e a5       	ldd	r22, Y+46	; 0x2e
 6be:	7f a5       	ldd	r23, Y+47	; 0x2f
 6c0:	88 a9       	ldd	r24, Y+48	; 0x30
 6c2:	99 a9       	ldd	r25, Y+49	; 0x31
 6c4:	0e 94 1b 0a 	call	0x1436	; 0x1436 <__cmpsf2>
 6c8:	88 23       	and	r24, r24
 6ca:	2c f4       	brge	.+10     	; 0x6d6 <__BOOTROW_REGION_LENGTH__+0x2d6>
/opt/microchip/xc8/v3.10/avr/avr/include/util/delay.h:193
		__ticks = 1;
 6cc:	81 e0       	ldi	r24, 0x01	; 1
 6ce:	90 e0       	ldi	r25, 0x00	; 0
 6d0:	9b ab       	std	Y+51, r25	; 0x33
 6d2:	8a ab       	std	Y+50, r24	; 0x32
 6d4:	3f c0       	rjmp	.+126    	; 0x754 <__BOOTROW_REGION_LENGTH__+0x354>
/opt/microchip/xc8/v3.10/avr/avr/include/util/delay.h:194
	else if (__tmp > 65535)
 6d6:	20 e0       	ldi	r18, 0x00	; 0
 6d8:	3f ef       	ldi	r19, 0xFF	; 255
 6da:	4f e7       	ldi	r20, 0x7F	; 127
 6dc:	57 e4       	ldi	r21, 0x47	; 71
 6de:	6e a5       	ldd	r22, Y+46	; 0x2e
 6e0:	7f a5       	ldd	r23, Y+47	; 0x2f
 6e2:	88 a9       	ldd	r24, Y+48	; 0x30
 6e4:	99 a9       	ldd	r25, Y+49	; 0x31
 6e6:	0e 94 20 0a 	call	0x1440	; 0x1440 <__gesf2>
 6ea:	18 16       	cp	r1, r24
 6ec:	4c f5       	brge	.+82     	; 0x740 <__BOOTROW_REGION_LENGTH__+0x340>
/opt/microchip/xc8/v3.10/avr/avr/include/util/delay.h:197
		__ticks = (uint16_t) (__ms * 10.0);
 6ee:	20 e0       	ldi	r18, 0x00	; 0
 6f0:	30 e0       	ldi	r19, 0x00	; 0
 6f2:	40 e2       	ldi	r20, 0x20	; 32
 6f4:	51 e4       	ldi	r21, 0x41	; 65
 6f6:	6a a5       	ldd	r22, Y+42	; 0x2a
 6f8:	7b a5       	ldd	r23, Y+43	; 0x2b
 6fa:	8c a5       	ldd	r24, Y+44	; 0x2c
 6fc:	9d a5       	ldd	r25, Y+45	; 0x2d
 6fe:	0e 94 29 0a 	call	0x1452	; 0x1452 <__mulsf3>
 702:	dc 01       	movw	r26, r24
 704:	cb 01       	movw	r24, r22
 706:	bc 01       	movw	r22, r24
 708:	cd 01       	movw	r24, r26
 70a:	0e 94 61 08 	call	0x10c2	; 0x10c2 <__fixunssfsi>
 70e:	dc 01       	movw	r26, r24
 710:	cb 01       	movw	r24, r22
 712:	9b ab       	std	Y+51, r25	; 0x33
 714:	8a ab       	std	Y+50, r24	; 0x32
 716:	0f c0       	rjmp	.+30     	; 0x736 <__BOOTROW_REGION_LENGTH__+0x336>
 718:	80 e9       	ldi	r24, 0x90	; 144
 71a:	91 e0       	ldi	r25, 0x01	; 1
 71c:	9d ab       	std	Y+53, r25	; 0x35
 71e:	8c ab       	std	Y+52, r24	; 0x34
_delay_loop_2():
/opt/microchip/xc8/v3.10/avr/avr/include/util/delay_basic.h:105
	__asm__ volatile (
 720:	8c a9       	ldd	r24, Y+52	; 0x34
 722:	9d a9       	ldd	r25, Y+53	; 0x35
 724:	01 97       	sbiw	r24, 0x01	; 1
 726:	f1 f7       	brne	.-4      	; 0x724 <__BOOTROW_REGION_LENGTH__+0x324>
 728:	9d ab       	std	Y+53, r25	; 0x35
 72a:	8c ab       	std	Y+52, r24	; 0x34
_delay_ms():
/opt/microchip/xc8/v3.10/avr/avr/include/util/delay.h:202
			__ticks --;
 72c:	8a a9       	ldd	r24, Y+50	; 0x32
 72e:	9b a9       	ldd	r25, Y+51	; 0x33
 730:	01 97       	sbiw	r24, 0x01	; 1
 732:	9b ab       	std	Y+51, r25	; 0x33
 734:	8a ab       	std	Y+50, r24	; 0x32
/opt/microchip/xc8/v3.10/avr/avr/include/util/delay.h:198
		while(__ticks)
 736:	8a a9       	ldd	r24, Y+50	; 0x32
 738:	9b a9       	ldd	r25, Y+51	; 0x33
 73a:	89 2b       	or	r24, r25
 73c:	69 f7       	brne	.-38     	; 0x718 <__BOOTROW_REGION_LENGTH__+0x318>
 73e:	3f c0       	rjmp	.+126    	; 0x7be <__BOOTROW_REGION_LENGTH__+0x3be>
/opt/microchip/xc8/v3.10/avr/avr/include/util/delay.h:207
		__ticks = (uint16_t)__tmp;
 740:	6e a5       	ldd	r22, Y+46	; 0x2e
 742:	7f a5       	ldd	r23, Y+47	; 0x2f
 744:	88 a9       	ldd	r24, Y+48	; 0x30
 746:	99 a9       	ldd	r25, Y+49	; 0x31
 748:	0e 94 61 08 	call	0x10c2	; 0x10c2 <__fixunssfsi>
 74c:	dc 01       	movw	r26, r24
 74e:	cb 01       	movw	r24, r22
 750:	9b ab       	std	Y+51, r25	; 0x33
 752:	8a ab       	std	Y+50, r24	; 0x32
 754:	8a a9       	ldd	r24, Y+50	; 0x32
 756:	9b a9       	ldd	r25, Y+51	; 0x33
 758:	9f ab       	std	Y+55, r25	; 0x37
 75a:	8e ab       	std	Y+54, r24	; 0x36
_delay_loop_2():
/opt/microchip/xc8/v3.10/avr/avr/include/util/delay_basic.h:105
 75c:	8e a9       	ldd	r24, Y+54	; 0x36
 75e:	9f a9       	ldd	r25, Y+55	; 0x37
 760:	01 97       	sbiw	r24, 0x01	; 1
 762:	f1 f7       	brne	.-4      	; 0x760 <__BOOTROW_REGION_LENGTH__+0x360>
 764:	9f ab       	std	Y+55, r25	; 0x37
 766:	8e ab       	std	Y+54, r24	; 0x36
 768:	2a c0       	rjmp	.+84     	; 0x7be <__BOOTROW_REGION_LENGTH__+0x3be>
_delay_us():
/opt/microchip/xc8/v3.10/avr/avr/include/util/delay.h:289
	else if (__tmp > 255)
 76a:	20 e0       	ldi	r18, 0x00	; 0
 76c:	30 e0       	ldi	r19, 0x00	; 0
 76e:	4f e7       	ldi	r20, 0x7F	; 127
 770:	53 e4       	ldi	r21, 0x43	; 67
 772:	69 a1       	ldd	r22, Y+33	; 0x21
 774:	7a a1       	ldd	r23, Y+34	; 0x22
 776:	8b a1       	ldd	r24, Y+35	; 0x23
 778:	9c a1       	ldd	r25, Y+36	; 0x24
 77a:	0e 94 20 0a 	call	0x1440	; 0x1440 <__gesf2>
 77e:	18 16       	cp	r1, r24
 780:	ac f4       	brge	.+42     	; 0x7ac <__BOOTROW_REGION_LENGTH__+0x3ac>
/opt/microchip/xc8/v3.10/avr/avr/include/util/delay.h:291
		uint16_t __ticks=(uint16_t)__tmp2;
 782:	6d a1       	ldd	r22, Y+37	; 0x25
 784:	7e a1       	ldd	r23, Y+38	; 0x26
 786:	8f a1       	ldd	r24, Y+39	; 0x27
 788:	98 a5       	ldd	r25, Y+40	; 0x28
 78a:	0e 94 61 08 	call	0x10c2	; 0x10c2 <__fixunssfsi>
 78e:	dc 01       	movw	r26, r24
 790:	cb 01       	movw	r24, r22
 792:	99 af       	std	Y+57, r25	; 0x39
 794:	88 af       	std	Y+56, r24	; 0x38
 796:	88 ad       	ldd	r24, Y+56	; 0x38
 798:	99 ad       	ldd	r25, Y+57	; 0x39
 79a:	9b af       	std	Y+59, r25	; 0x3b
 79c:	8a af       	std	Y+58, r24	; 0x3a
_delay_loop_2():
/opt/microchip/xc8/v3.10/avr/avr/include/util/delay_basic.h:105
 79e:	8a ad       	ldd	r24, Y+58	; 0x3a
 7a0:	9b ad       	ldd	r25, Y+59	; 0x3b
 7a2:	01 97       	sbiw	r24, 0x01	; 1
 7a4:	f1 f7       	brne	.-4      	; 0x7a2 <__BOOTROW_REGION_LENGTH__+0x3a2>
 7a6:	9b af       	std	Y+59, r25	; 0x3b
 7a8:	8a af       	std	Y+58, r24	; 0x3a
 7aa:	0f c0       	rjmp	.+30     	; 0x7ca <__BOOTROW_REGION_LENGTH__+0x3ca>
_delay_us():
/opt/microchip/xc8/v3.10/avr/avr/include/util/delay.h:296
		__ticks = (uint8_t)__tmp;
 7ac:	69 a1       	ldd	r22, Y+33	; 0x21
 7ae:	7a a1       	ldd	r23, Y+34	; 0x22
 7b0:	8b a1       	ldd	r24, Y+35	; 0x23
 7b2:	9c a1       	ldd	r25, Y+36	; 0x24
 7b4:	0e 94 61 08 	call	0x10c2	; 0x10c2 <__fixunssfsi>
 7b8:	dc 01       	movw	r26, r24
 7ba:	cb 01       	movw	r24, r22
 7bc:	89 a7       	std	Y+41, r24	; 0x29
 7be:	89 a5       	ldd	r24, Y+41	; 0x29
 7c0:	8c af       	std	Y+60, r24	; 0x3c
_delay_loop_1():
/opt/microchip/xc8/v3.10/avr/avr/include/util/delay_basic.h:83
	__asm__ volatile (
 7c2:	8c ad       	ldd	r24, Y+60	; 0x3c
 7c4:	8a 95       	dec	r24
 7c6:	f1 f7       	brne	.-4      	; 0x7c4 <__BOOTROW_REGION_LENGTH__+0x3c4>
 7c8:	8c af       	std	Y+60, r24	; 0x3c
main():
/home/mahmoud/Documents/faculty-temps/4th-year/semester-1/labs/lab1/communication-atmega32/atmega32-master/main.c:75
        _delay_us(50);

        for (uint8_t i = 0; i < 7; i++) {
 7ca:	1a 82       	std	Y+2, r1	; 0x02
 7cc:	0f c0       	rjmp	.+30     	; 0x7ec <__BOOTROW_REGION_LENGTH__+0x3ec>
/home/mahmoud/Documents/faculty-temps/4th-year/semester-1/labs/lab1/communication-atmega32/atmega32-master/main.c:76 (discriminator 3)
            SPI_Transfer(rtc_data[i]);
 7ce:	8a 81       	ldd	r24, Y+2	; 0x02
 7d0:	88 2f       	mov	r24, r24
 7d2:	90 e0       	ldi	r25, 0x00	; 0
 7d4:	9e 01       	movw	r18, r28
 7d6:	2a 57       	subi	r18, 0x7A	; 122
 7d8:	3f 4f       	sbci	r19, 0xFF	; 255
 7da:	82 0f       	add	r24, r18
 7dc:	93 1f       	adc	r25, r19
 7de:	fc 01       	movw	r30, r24
 7e0:	80 81       	ld	r24, Z
 7e2:	0e 94 3c 09 	call	0x1278	; 0x1278 <SPI_Transfer>
/home/mahmoud/Documents/faculty-temps/4th-year/semester-1/labs/lab1/communication-atmega32/atmega32-master/main.c:75 (discriminator 3)
        for (uint8_t i = 0; i < 7; i++) {
 7e6:	8a 81       	ldd	r24, Y+2	; 0x02
 7e8:	8f 5f       	subi	r24, 0xFF	; 255
 7ea:	8a 83       	std	Y+2, r24	; 0x02
/home/mahmoud/Documents/faculty-temps/4th-year/semester-1/labs/lab1/communication-atmega32/atmega32-master/main.c:75 (discriminator 1)
 7ec:	8a 81       	ldd	r24, Y+2	; 0x02
 7ee:	87 30       	cpi	r24, 0x07	; 7
 7f0:	70 f3       	brcs	.-36     	; 0x7ce <__BOOTROW_REGION_LENGTH__+0x3ce>
 7f2:	80 e0       	ldi	r24, 0x00	; 0
 7f4:	90 e0       	ldi	r25, 0x00	; 0
 7f6:	a0 ea       	ldi	r26, 0xA0	; 160
 7f8:	b1 e4       	ldi	r27, 0x41	; 65
 7fa:	8f 87       	std	Y+15, r24	; 0x0f
 7fc:	98 8b       	std	Y+16, r25	; 0x10
 7fe:	a9 8b       	std	Y+17, r26	; 0x11
 800:	ba 8b       	std	Y+18, r27	; 0x12
_delay_us():
/opt/microchip/xc8/v3.10/avr/avr/include/util/delay.h:281
	__tmp = ((F_CPU) / 3e6) * __us;
 802:	8e 01       	movw	r16, r28
 804:	0d 59       	subi	r16, 0x9D	; 157
 806:	1f 4f       	sbci	r17, 0xFF	; 255
 808:	2b ea       	ldi	r18, 0xAB	; 171
 80a:	3a ea       	ldi	r19, 0xAA	; 170
 80c:	4a ea       	ldi	r20, 0xAA	; 170
 80e:	50 e4       	ldi	r21, 0x40	; 64
 810:	6f 85       	ldd	r22, Y+15	; 0x0f
 812:	78 89       	ldd	r23, Y+16	; 0x10
 814:	89 89       	ldd	r24, Y+17	; 0x11
 816:	9a 89       	ldd	r25, Y+18	; 0x12
 818:	0e 94 29 0a 	call	0x1452	; 0x1452 <__mulsf3>
 81c:	dc 01       	movw	r26, r24
 81e:	cb 01       	movw	r24, r22
 820:	f8 01       	movw	r30, r16
 822:	80 83       	st	Z, r24
 824:	91 83       	std	Z+1, r25	; 0x01
 826:	a2 83       	std	Z+2, r26	; 0x02
 828:	b3 83       	std	Z+3, r27	; 0x03
/opt/microchip/xc8/v3.10/avr/avr/include/util/delay.h:282
	__tmp2 = ((F_CPU) / 4e6) * __us;
 82a:	8e 01       	movw	r16, r28
 82c:	09 59       	subi	r16, 0x99	; 153
 82e:	1f 4f       	sbci	r17, 0xFF	; 255
 830:	20 e0       	ldi	r18, 0x00	; 0
 832:	30 e0       	ldi	r19, 0x00	; 0
 834:	40 e8       	ldi	r20, 0x80	; 128
 836:	50 e4       	ldi	r21, 0x40	; 64
 838:	6f 85       	ldd	r22, Y+15	; 0x0f
 83a:	78 89       	ldd	r23, Y+16	; 0x10
 83c:	89 89       	ldd	r24, Y+17	; 0x11
 83e:	9a 89       	ldd	r25, Y+18	; 0x12
 840:	0e 94 29 0a 	call	0x1452	; 0x1452 <__mulsf3>
 844:	dc 01       	movw	r26, r24
 846:	cb 01       	movw	r24, r22
 848:	f8 01       	movw	r30, r16
 84a:	80 83       	st	Z, r24
 84c:	91 83       	std	Z+1, r25	; 0x01
 84e:	a2 83       	std	Z+2, r26	; 0x02
 850:	b3 83       	std	Z+3, r27	; 0x03
/opt/microchip/xc8/v3.10/avr/avr/include/util/delay.h:283
	if (__tmp < 1.0)
 852:	ce 01       	movw	r24, r28
 854:	8d 59       	subi	r24, 0x9D	; 157
 856:	9f 4f       	sbci	r25, 0xFF	; 255
 858:	20 e0       	ldi	r18, 0x00	; 0
 85a:	30 e0       	ldi	r19, 0x00	; 0
 85c:	40 e8       	ldi	r20, 0x80	; 128
 85e:	5f e3       	ldi	r21, 0x3F	; 63
 860:	fc 01       	movw	r30, r24
 862:	60 81       	ld	r22, Z
 864:	71 81       	ldd	r23, Z+1	; 0x01
 866:	82 81       	ldd	r24, Z+2	; 0x02
 868:	93 81       	ldd	r25, Z+3	; 0x03
 86a:	0e 94 1b 0a 	call	0x1436	; 0x1436 <__cmpsf2>
 86e:	88 23       	and	r24, r24
 870:	3c f4       	brge	.+14     	; 0x880 <__stack+0x21>
/opt/microchip/xc8/v3.10/avr/avr/include/util/delay.h:284
		__ticks = 1;
 872:	ce 01       	movw	r24, r28
 874:	85 59       	subi	r24, 0x95	; 149
 876:	9f 4f       	sbci	r25, 0xFF	; 255
 878:	21 e0       	ldi	r18, 0x01	; 1
 87a:	fc 01       	movw	r30, r24
 87c:	20 83       	st	Z, r18
 87e:	2c c1       	rjmp	.+600    	; 0xad8 <__stack+0x279>
/opt/microchip/xc8/v3.10/avr/avr/include/util/delay.h:285
	else if (__tmp2 > 65535)
 880:	ce 01       	movw	r24, r28
 882:	89 59       	subi	r24, 0x99	; 153
 884:	9f 4f       	sbci	r25, 0xFF	; 255
 886:	20 e0       	ldi	r18, 0x00	; 0
 888:	3f ef       	ldi	r19, 0xFF	; 255
 88a:	4f e7       	ldi	r20, 0x7F	; 127
 88c:	57 e4       	ldi	r21, 0x47	; 71
 88e:	fc 01       	movw	r30, r24
 890:	60 81       	ld	r22, Z
 892:	71 81       	ldd	r23, Z+1	; 0x01
 894:	82 81       	ldd	r24, Z+2	; 0x02
 896:	93 81       	ldd	r25, Z+3	; 0x03
 898:	0e 94 20 0a 	call	0x1440	; 0x1440 <__gesf2>
 89c:	18 16       	cp	r1, r24
 89e:	0c f0       	brlt	.+2      	; 0x8a2 <__stack+0x43>
 8a0:	cd c0       	rjmp	.+410    	; 0xa3c <__stack+0x1dd>
/opt/microchip/xc8/v3.10/avr/avr/include/util/delay.h:287
		_delay_ms(__us / 1000.0);
 8a2:	20 e0       	ldi	r18, 0x00	; 0
 8a4:	30 e0       	ldi	r19, 0x00	; 0
 8a6:	4a e7       	ldi	r20, 0x7A	; 122
 8a8:	54 e4       	ldi	r21, 0x44	; 68
 8aa:	6f 85       	ldd	r22, Y+15	; 0x0f
 8ac:	78 89       	ldd	r23, Y+16	; 0x10
 8ae:	89 89       	ldd	r24, Y+17	; 0x11
 8b0:	9a 89       	ldd	r25, Y+18	; 0x12
 8b2:	0e 94 25 0a 	call	0x144a	; 0x144a <__divsf3>
 8b6:	dc 01       	movw	r26, r24
 8b8:	cb 01       	movw	r24, r22
 8ba:	9e 01       	movw	r18, r28
 8bc:	24 59       	subi	r18, 0x94	; 148
 8be:	3f 4f       	sbci	r19, 0xFF	; 255
 8c0:	f9 01       	movw	r30, r18
 8c2:	80 83       	st	Z, r24
 8c4:	91 83       	std	Z+1, r25	; 0x01
 8c6:	a2 83       	std	Z+2, r26	; 0x02
 8c8:	b3 83       	std	Z+3, r27	; 0x03
_delay_ms():
/opt/microchip/xc8/v3.10/avr/avr/include/util/delay.h:191
	__tmp = ((F_CPU) / 4e3) * __ms;
 8ca:	8e 01       	movw	r16, r28
 8cc:	00 59       	subi	r16, 0x90	; 144
 8ce:	1f 4f       	sbci	r17, 0xFF	; 255
 8d0:	ce 01       	movw	r24, r28
 8d2:	84 59       	subi	r24, 0x94	; 148
 8d4:	9f 4f       	sbci	r25, 0xFF	; 255
 8d6:	20 e0       	ldi	r18, 0x00	; 0
 8d8:	30 e0       	ldi	r19, 0x00	; 0
 8da:	4a e7       	ldi	r20, 0x7A	; 122
 8dc:	55 e4       	ldi	r21, 0x45	; 69
 8de:	fc 01       	movw	r30, r24
 8e0:	60 81       	ld	r22, Z
 8e2:	71 81       	ldd	r23, Z+1	; 0x01
 8e4:	82 81       	ldd	r24, Z+2	; 0x02
 8e6:	93 81       	ldd	r25, Z+3	; 0x03
 8e8:	0e 94 29 0a 	call	0x1452	; 0x1452 <__mulsf3>
 8ec:	dc 01       	movw	r26, r24
 8ee:	cb 01       	movw	r24, r22
 8f0:	f8 01       	movw	r30, r16
 8f2:	80 83       	st	Z, r24
 8f4:	91 83       	std	Z+1, r25	; 0x01
 8f6:	a2 83       	std	Z+2, r26	; 0x02
 8f8:	b3 83       	std	Z+3, r27	; 0x03
/opt/microchip/xc8/v3.10/avr/avr/include/util/delay.h:192
	if (__tmp < 1.0)
 8fa:	ce 01       	movw	r24, r28
 8fc:	80 59       	subi	r24, 0x90	; 144
 8fe:	9f 4f       	sbci	r25, 0xFF	; 255
 900:	20 e0       	ldi	r18, 0x00	; 0
 902:	30 e0       	ldi	r19, 0x00	; 0
 904:	40 e8       	ldi	r20, 0x80	; 128
 906:	5f e3       	ldi	r21, 0x3F	; 63
 908:	fc 01       	movw	r30, r24
 90a:	60 81       	ld	r22, Z
 90c:	71 81       	ldd	r23, Z+1	; 0x01
 90e:	82 81       	ldd	r24, Z+2	; 0x02
 910:	93 81       	ldd	r25, Z+3	; 0x03
 912:	0e 94 1b 0a 	call	0x1436	; 0x1436 <__cmpsf2>
 916:	88 23       	and	r24, r24
 918:	4c f4       	brge	.+18     	; 0x92c <__stack+0xcd>
/opt/microchip/xc8/v3.10/avr/avr/include/util/delay.h:193
		__ticks = 1;
 91a:	ce 01       	movw	r24, r28
 91c:	8c 58       	subi	r24, 0x8C	; 140
 91e:	9f 4f       	sbci	r25, 0xFF	; 255
 920:	21 e0       	ldi	r18, 0x01	; 1
 922:	30 e0       	ldi	r19, 0x00	; 0
 924:	fc 01       	movw	r30, r24
 926:	31 83       	std	Z+1, r19	; 0x01
 928:	20 83       	st	Z, r18
 92a:	6d c0       	rjmp	.+218    	; 0xa06 <__stack+0x1a7>
/opt/microchip/xc8/v3.10/avr/avr/include/util/delay.h:194
	else if (__tmp > 65535)
 92c:	ce 01       	movw	r24, r28
 92e:	80 59       	subi	r24, 0x90	; 144
 930:	9f 4f       	sbci	r25, 0xFF	; 255
 932:	20 e0       	ldi	r18, 0x00	; 0
 934:	3f ef       	ldi	r19, 0xFF	; 255
 936:	4f e7       	ldi	r20, 0x7F	; 127
 938:	57 e4       	ldi	r21, 0x47	; 71
 93a:	fc 01       	movw	r30, r24
 93c:	60 81       	ld	r22, Z
 93e:	71 81       	ldd	r23, Z+1	; 0x01
 940:	82 81       	ldd	r24, Z+2	; 0x02
 942:	93 81       	ldd	r25, Z+3	; 0x03
 944:	0e 94 20 0a 	call	0x1440	; 0x1440 <__gesf2>
 948:	18 16       	cp	r1, r24
 94a:	0c f0       	brlt	.+2      	; 0x94e <__stack+0xef>
 94c:	4a c0       	rjmp	.+148    	; 0x9e2 <__stack+0x183>
/opt/microchip/xc8/v3.10/avr/avr/include/util/delay.h:197
		__ticks = (uint16_t) (__ms * 10.0);
 94e:	ce 01       	movw	r24, r28
 950:	84 59       	subi	r24, 0x94	; 148
 952:	9f 4f       	sbci	r25, 0xFF	; 255
 954:	20 e0       	ldi	r18, 0x00	; 0
 956:	30 e0       	ldi	r19, 0x00	; 0
 958:	40 e2       	ldi	r20, 0x20	; 32
 95a:	51 e4       	ldi	r21, 0x41	; 65
 95c:	fc 01       	movw	r30, r24
 95e:	60 81       	ld	r22, Z
 960:	71 81       	ldd	r23, Z+1	; 0x01
 962:	82 81       	ldd	r24, Z+2	; 0x02
 964:	93 81       	ldd	r25, Z+3	; 0x03
 966:	0e 94 29 0a 	call	0x1452	; 0x1452 <__mulsf3>
 96a:	dc 01       	movw	r26, r24
 96c:	cb 01       	movw	r24, r22
 96e:	8e 01       	movw	r16, r28
 970:	0c 58       	subi	r16, 0x8C	; 140
 972:	1f 4f       	sbci	r17, 0xFF	; 255
 974:	bc 01       	movw	r22, r24
 976:	cd 01       	movw	r24, r26
 978:	0e 94 61 08 	call	0x10c2	; 0x10c2 <__fixunssfsi>
 97c:	dc 01       	movw	r26, r24
 97e:	cb 01       	movw	r24, r22
 980:	f8 01       	movw	r30, r16
 982:	91 83       	std	Z+1, r25	; 0x01
 984:	80 83       	st	Z, r24
 986:	24 c0       	rjmp	.+72     	; 0x9d0 <__stack+0x171>
 988:	ce 01       	movw	r24, r28
 98a:	8a 58       	subi	r24, 0x8A	; 138
 98c:	9f 4f       	sbci	r25, 0xFF	; 255
 98e:	20 e9       	ldi	r18, 0x90	; 144
 990:	31 e0       	ldi	r19, 0x01	; 1
 992:	fc 01       	movw	r30, r24
 994:	31 83       	std	Z+1, r19	; 0x01
 996:	20 83       	st	Z, r18
_delay_loop_2():
/opt/microchip/xc8/v3.10/avr/avr/include/util/delay_basic.h:105
	__asm__ volatile (
 998:	ce 01       	movw	r24, r28
 99a:	8a 58       	subi	r24, 0x8A	; 138
 99c:	9f 4f       	sbci	r25, 0xFF	; 255
 99e:	fc 01       	movw	r30, r24
 9a0:	80 81       	ld	r24, Z
 9a2:	91 81       	ldd	r25, Z+1	; 0x01
 9a4:	01 97       	sbiw	r24, 0x01	; 1
 9a6:	f1 f7       	brne	.-4      	; 0x9a4 <__stack+0x145>
 9a8:	9e 01       	movw	r18, r28
 9aa:	2a 58       	subi	r18, 0x8A	; 138
 9ac:	3f 4f       	sbci	r19, 0xFF	; 255
 9ae:	f9 01       	movw	r30, r18
 9b0:	91 83       	std	Z+1, r25	; 0x01
 9b2:	80 83       	st	Z, r24
_delay_ms():
/opt/microchip/xc8/v3.10/avr/avr/include/util/delay.h:202
			__ticks --;
 9b4:	ce 01       	movw	r24, r28
 9b6:	8c 58       	subi	r24, 0x8C	; 140
 9b8:	9f 4f       	sbci	r25, 0xFF	; 255
 9ba:	9e 01       	movw	r18, r28
 9bc:	2c 58       	subi	r18, 0x8C	; 140
 9be:	3f 4f       	sbci	r19, 0xFF	; 255
 9c0:	f9 01       	movw	r30, r18
 9c2:	20 81       	ld	r18, Z
 9c4:	31 81       	ldd	r19, Z+1	; 0x01
 9c6:	21 50       	subi	r18, 0x01	; 1
 9c8:	31 09       	sbc	r19, r1
 9ca:	fc 01       	movw	r30, r24
 9cc:	31 83       	std	Z+1, r19	; 0x01
 9ce:	20 83       	st	Z, r18
/opt/microchip/xc8/v3.10/avr/avr/include/util/delay.h:198
		while(__ticks)
 9d0:	ce 01       	movw	r24, r28
 9d2:	8c 58       	subi	r24, 0x8C	; 140
 9d4:	9f 4f       	sbci	r25, 0xFF	; 255
 9d6:	fc 01       	movw	r30, r24
 9d8:	80 81       	ld	r24, Z
 9da:	91 81       	ldd	r25, Z+1	; 0x01
 9dc:	89 2b       	or	r24, r25
 9de:	a1 f6       	brne	.-88     	; 0x988 <__stack+0x129>
 9e0:	7b c0       	rjmp	.+246    	; 0xad8 <__stack+0x279>
/opt/microchip/xc8/v3.10/avr/avr/include/util/delay.h:207
		__ticks = (uint16_t)__tmp;
 9e2:	8e 01       	movw	r16, r28
 9e4:	0c 58       	subi	r16, 0x8C	; 140
 9e6:	1f 4f       	sbci	r17, 0xFF	; 255
 9e8:	ce 01       	movw	r24, r28
 9ea:	80 59       	subi	r24, 0x90	; 144
 9ec:	9f 4f       	sbci	r25, 0xFF	; 255
 9ee:	fc 01       	movw	r30, r24
 9f0:	60 81       	ld	r22, Z
 9f2:	71 81       	ldd	r23, Z+1	; 0x01
 9f4:	82 81       	ldd	r24, Z+2	; 0x02
 9f6:	93 81       	ldd	r25, Z+3	; 0x03
 9f8:	0e 94 61 08 	call	0x10c2	; 0x10c2 <__fixunssfsi>
 9fc:	dc 01       	movw	r26, r24
 9fe:	cb 01       	movw	r24, r22
 a00:	f8 01       	movw	r30, r16
 a02:	91 83       	std	Z+1, r25	; 0x01
 a04:	80 83       	st	Z, r24
 a06:	ce 01       	movw	r24, r28
 a08:	88 58       	subi	r24, 0x88	; 136
 a0a:	9f 4f       	sbci	r25, 0xFF	; 255
 a0c:	9e 01       	movw	r18, r28
 a0e:	2c 58       	subi	r18, 0x8C	; 140
 a10:	3f 4f       	sbci	r19, 0xFF	; 255
 a12:	f9 01       	movw	r30, r18
 a14:	20 81       	ld	r18, Z
 a16:	31 81       	ldd	r19, Z+1	; 0x01
 a18:	fc 01       	movw	r30, r24
 a1a:	31 83       	std	Z+1, r19	; 0x01
 a1c:	20 83       	st	Z, r18
_delay_loop_2():
/opt/microchip/xc8/v3.10/avr/avr/include/util/delay_basic.h:105
 a1e:	ce 01       	movw	r24, r28
 a20:	88 58       	subi	r24, 0x88	; 136
 a22:	9f 4f       	sbci	r25, 0xFF	; 255
 a24:	fc 01       	movw	r30, r24
 a26:	80 81       	ld	r24, Z
 a28:	91 81       	ldd	r25, Z+1	; 0x01
 a2a:	01 97       	sbiw	r24, 0x01	; 1
 a2c:	f1 f7       	brne	.-4      	; 0xa2a <__stack+0x1cb>
 a2e:	9e 01       	movw	r18, r28
 a30:	28 58       	subi	r18, 0x88	; 136
 a32:	3f 4f       	sbci	r19, 0xFF	; 255
 a34:	f9 01       	movw	r30, r18
 a36:	91 83       	std	Z+1, r25	; 0x01
 a38:	80 83       	st	Z, r24
 a3a:	4e c0       	rjmp	.+156    	; 0xad8 <__stack+0x279>
_delay_us():
/opt/microchip/xc8/v3.10/avr/avr/include/util/delay.h:289
	else if (__tmp > 255)
 a3c:	ce 01       	movw	r24, r28
 a3e:	8d 59       	subi	r24, 0x9D	; 157
 a40:	9f 4f       	sbci	r25, 0xFF	; 255
 a42:	20 e0       	ldi	r18, 0x00	; 0
 a44:	30 e0       	ldi	r19, 0x00	; 0
 a46:	4f e7       	ldi	r20, 0x7F	; 127
 a48:	53 e4       	ldi	r21, 0x43	; 67
 a4a:	fc 01       	movw	r30, r24
 a4c:	60 81       	ld	r22, Z
 a4e:	71 81       	ldd	r23, Z+1	; 0x01
 a50:	82 81       	ldd	r24, Z+2	; 0x02
 a52:	93 81       	ldd	r25, Z+3	; 0x03
 a54:	0e 94 20 0a 	call	0x1440	; 0x1440 <__gesf2>
 a58:	18 16       	cp	r1, r24
 a5a:	6c f5       	brge	.+90     	; 0xab6 <__stack+0x257>
/opt/microchip/xc8/v3.10/avr/avr/include/util/delay.h:291
		uint16_t __ticks=(uint16_t)__tmp2;
 a5c:	8e 01       	movw	r16, r28
 a5e:	06 58       	subi	r16, 0x86	; 134
 a60:	1f 4f       	sbci	r17, 0xFF	; 255
 a62:	ce 01       	movw	r24, r28
 a64:	89 59       	subi	r24, 0x99	; 153
 a66:	9f 4f       	sbci	r25, 0xFF	; 255
 a68:	fc 01       	movw	r30, r24
 a6a:	60 81       	ld	r22, Z
 a6c:	71 81       	ldd	r23, Z+1	; 0x01
 a6e:	82 81       	ldd	r24, Z+2	; 0x02
 a70:	93 81       	ldd	r25, Z+3	; 0x03
 a72:	0e 94 61 08 	call	0x10c2	; 0x10c2 <__fixunssfsi>
 a76:	dc 01       	movw	r26, r24
 a78:	cb 01       	movw	r24, r22
 a7a:	f8 01       	movw	r30, r16
 a7c:	91 83       	std	Z+1, r25	; 0x01
 a7e:	80 83       	st	Z, r24
 a80:	ce 01       	movw	r24, r28
 a82:	84 58       	subi	r24, 0x84	; 132
 a84:	9f 4f       	sbci	r25, 0xFF	; 255
 a86:	9e 01       	movw	r18, r28
 a88:	26 58       	subi	r18, 0x86	; 134
 a8a:	3f 4f       	sbci	r19, 0xFF	; 255
 a8c:	f9 01       	movw	r30, r18
 a8e:	20 81       	ld	r18, Z
 a90:	31 81       	ldd	r19, Z+1	; 0x01
 a92:	fc 01       	movw	r30, r24
 a94:	31 83       	std	Z+1, r19	; 0x01
 a96:	20 83       	st	Z, r18
_delay_loop_2():
/opt/microchip/xc8/v3.10/avr/avr/include/util/delay_basic.h:105
 a98:	ce 01       	movw	r24, r28
 a9a:	84 58       	subi	r24, 0x84	; 132
 a9c:	9f 4f       	sbci	r25, 0xFF	; 255
 a9e:	fc 01       	movw	r30, r24
 aa0:	80 81       	ld	r24, Z
 aa2:	91 81       	ldd	r25, Z+1	; 0x01
 aa4:	01 97       	sbiw	r24, 0x01	; 1
 aa6:	f1 f7       	brne	.-4      	; 0xaa4 <__stack+0x245>
 aa8:	9e 01       	movw	r18, r28
 aaa:	24 58       	subi	r18, 0x84	; 132
 aac:	3f 4f       	sbci	r19, 0xFF	; 255
 aae:	f9 01       	movw	r30, r18
 ab0:	91 83       	std	Z+1, r25	; 0x01
 ab2:	80 83       	st	Z, r24
 ab4:	28 c0       	rjmp	.+80     	; 0xb06 <__stack+0x2a7>
_delay_us():
/opt/microchip/xc8/v3.10/avr/avr/include/util/delay.h:296
		__ticks = (uint8_t)__tmp;
 ab6:	8e 01       	movw	r16, r28
 ab8:	05 59       	subi	r16, 0x95	; 149
 aba:	1f 4f       	sbci	r17, 0xFF	; 255
 abc:	ce 01       	movw	r24, r28
 abe:	8d 59       	subi	r24, 0x9D	; 157
 ac0:	9f 4f       	sbci	r25, 0xFF	; 255
 ac2:	fc 01       	movw	r30, r24
 ac4:	60 81       	ld	r22, Z
 ac6:	71 81       	ldd	r23, Z+1	; 0x01
 ac8:	82 81       	ldd	r24, Z+2	; 0x02
 aca:	93 81       	ldd	r25, Z+3	; 0x03
 acc:	0e 94 61 08 	call	0x10c2	; 0x10c2 <__fixunssfsi>
 ad0:	dc 01       	movw	r26, r24
 ad2:	cb 01       	movw	r24, r22
 ad4:	f8 01       	movw	r30, r16
 ad6:	80 83       	st	Z, r24
 ad8:	ce 01       	movw	r24, r28
 ada:	82 58       	subi	r24, 0x82	; 130
 adc:	9f 4f       	sbci	r25, 0xFF	; 255
 ade:	9e 01       	movw	r18, r28
 ae0:	25 59       	subi	r18, 0x95	; 149
 ae2:	3f 4f       	sbci	r19, 0xFF	; 255
 ae4:	f9 01       	movw	r30, r18
 ae6:	20 81       	ld	r18, Z
 ae8:	fc 01       	movw	r30, r24
 aea:	20 83       	st	Z, r18
_delay_loop_1():
/opt/microchip/xc8/v3.10/avr/avr/include/util/delay_basic.h:83
	__asm__ volatile (
 aec:	ce 01       	movw	r24, r28
 aee:	82 58       	subi	r24, 0x82	; 130
 af0:	9f 4f       	sbci	r25, 0xFF	; 255
 af2:	fc 01       	movw	r30, r24
 af4:	80 81       	ld	r24, Z
 af6:	28 2f       	mov	r18, r24
 af8:	2a 95       	dec	r18
 afa:	f1 f7       	brne	.-4      	; 0xaf8 <__stack+0x299>
 afc:	ce 01       	movw	r24, r28
 afe:	82 58       	subi	r24, 0x82	; 130
 b00:	9f 4f       	sbci	r25, 0xFF	; 255
 b02:	fc 01       	movw	r30, r24
 b04:	20 83       	st	Z, r18
main():
/home/mahmoud/Documents/faculty-temps/4th-year/semester-1/labs/lab1/communication-atmega32/atmega32-master/main.c:80
        }

        _delay_us(20);
        SPI_DeselectSlave();
 b06:	0e 94 d3 09 	call	0x13a6	; 0x13a6 <SPI_DeselectSlave>
 b0a:	80 e0       	ldi	r24, 0x00	; 0
 b0c:	90 e0       	ldi	r25, 0x00	; 0
 b0e:	aa e7       	ldi	r26, 0x7A	; 122
 b10:	b4 e4       	ldi	r27, 0x44	; 68
 b12:	8f 83       	std	Y+7, r24	; 0x07
 b14:	98 87       	std	Y+8, r25	; 0x08
 b16:	a9 87       	std	Y+9, r26	; 0x09
 b18:	ba 87       	std	Y+10, r27	; 0x0a
_delay_ms():
/opt/microchip/xc8/v3.10/avr/avr/include/util/delay.h:191
	__tmp = ((F_CPU) / 4e3) * __ms;
 b1a:	8e 01       	movw	r16, r28
 b1c:	07 5a       	subi	r16, 0xA7	; 167
 b1e:	1f 4f       	sbci	r17, 0xFF	; 255
 b20:	20 e0       	ldi	r18, 0x00	; 0
 b22:	30 e0       	ldi	r19, 0x00	; 0
 b24:	4a e7       	ldi	r20, 0x7A	; 122
 b26:	55 e4       	ldi	r21, 0x45	; 69
 b28:	6f 81       	ldd	r22, Y+7	; 0x07
 b2a:	78 85       	ldd	r23, Y+8	; 0x08
 b2c:	89 85       	ldd	r24, Y+9	; 0x09
 b2e:	9a 85       	ldd	r25, Y+10	; 0x0a
 b30:	0e 94 29 0a 	call	0x1452	; 0x1452 <__mulsf3>
 b34:	dc 01       	movw	r26, r24
 b36:	cb 01       	movw	r24, r22
 b38:	f8 01       	movw	r30, r16
 b3a:	80 83       	st	Z, r24
 b3c:	91 83       	std	Z+1, r25	; 0x01
 b3e:	a2 83       	std	Z+2, r26	; 0x02
 b40:	b3 83       	std	Z+3, r27	; 0x03
/opt/microchip/xc8/v3.10/avr/avr/include/util/delay.h:192
	if (__tmp < 1.0)
 b42:	ce 01       	movw	r24, r28
 b44:	87 5a       	subi	r24, 0xA7	; 167
 b46:	9f 4f       	sbci	r25, 0xFF	; 255
 b48:	20 e0       	ldi	r18, 0x00	; 0
 b4a:	30 e0       	ldi	r19, 0x00	; 0
 b4c:	40 e8       	ldi	r20, 0x80	; 128
 b4e:	5f e3       	ldi	r21, 0x3F	; 63
 b50:	fc 01       	movw	r30, r24
 b52:	60 81       	ld	r22, Z
 b54:	71 81       	ldd	r23, Z+1	; 0x01
 b56:	82 81       	ldd	r24, Z+2	; 0x02
 b58:	93 81       	ldd	r25, Z+3	; 0x03
 b5a:	0e 94 1b 0a 	call	0x1436	; 0x1436 <__cmpsf2>
 b5e:	88 23       	and	r24, r24
 b60:	4c f4       	brge	.+18     	; 0xb74 <__stack+0x315>
/opt/microchip/xc8/v3.10/avr/avr/include/util/delay.h:193
		__ticks = 1;
 b62:	ce 01       	movw	r24, r28
 b64:	83 5a       	subi	r24, 0xA3	; 163
 b66:	9f 4f       	sbci	r25, 0xFF	; 255
 b68:	21 e0       	ldi	r18, 0x01	; 1
 b6a:	30 e0       	ldi	r19, 0x00	; 0
 b6c:	fc 01       	movw	r30, r24
 b6e:	31 83       	std	Z+1, r19	; 0x01
 b70:	20 83       	st	Z, r18
 b72:	69 c0       	rjmp	.+210    	; 0xc46 <__stack+0x3e7>
/opt/microchip/xc8/v3.10/avr/avr/include/util/delay.h:194
	else if (__tmp > 65535)
 b74:	ce 01       	movw	r24, r28
 b76:	87 5a       	subi	r24, 0xA7	; 167
 b78:	9f 4f       	sbci	r25, 0xFF	; 255
 b7a:	20 e0       	ldi	r18, 0x00	; 0
 b7c:	3f ef       	ldi	r19, 0xFF	; 255
 b7e:	4f e7       	ldi	r20, 0x7F	; 127
 b80:	57 e4       	ldi	r21, 0x47	; 71
 b82:	fc 01       	movw	r30, r24
 b84:	60 81       	ld	r22, Z
 b86:	71 81       	ldd	r23, Z+1	; 0x01
 b88:	82 81       	ldd	r24, Z+2	; 0x02
 b8a:	93 81       	ldd	r25, Z+3	; 0x03
 b8c:	0e 94 20 0a 	call	0x1440	; 0x1440 <__gesf2>
 b90:	18 16       	cp	r1, r24
 b92:	0c f0       	brlt	.+2      	; 0xb96 <__stack+0x337>
 b94:	46 c0       	rjmp	.+140    	; 0xc22 <__stack+0x3c3>
/opt/microchip/xc8/v3.10/avr/avr/include/util/delay.h:197
		__ticks = (uint16_t) (__ms * 10.0);
 b96:	20 e0       	ldi	r18, 0x00	; 0
 b98:	30 e0       	ldi	r19, 0x00	; 0
 b9a:	40 e2       	ldi	r20, 0x20	; 32
 b9c:	51 e4       	ldi	r21, 0x41	; 65
 b9e:	6f 81       	ldd	r22, Y+7	; 0x07
 ba0:	78 85       	ldd	r23, Y+8	; 0x08
 ba2:	89 85       	ldd	r24, Y+9	; 0x09
 ba4:	9a 85       	ldd	r25, Y+10	; 0x0a
 ba6:	0e 94 29 0a 	call	0x1452	; 0x1452 <__mulsf3>
 baa:	dc 01       	movw	r26, r24
 bac:	cb 01       	movw	r24, r22
 bae:	8e 01       	movw	r16, r28
 bb0:	03 5a       	subi	r16, 0xA3	; 163
 bb2:	1f 4f       	sbci	r17, 0xFF	; 255
 bb4:	bc 01       	movw	r22, r24
 bb6:	cd 01       	movw	r24, r26
 bb8:	0e 94 61 08 	call	0x10c2	; 0x10c2 <__fixunssfsi>
 bbc:	dc 01       	movw	r26, r24
 bbe:	cb 01       	movw	r24, r22
 bc0:	f8 01       	movw	r30, r16
 bc2:	91 83       	std	Z+1, r25	; 0x01
 bc4:	80 83       	st	Z, r24
 bc6:	24 c0       	rjmp	.+72     	; 0xc10 <__stack+0x3b1>
 bc8:	ce 01       	movw	r24, r28
 bca:	81 5a       	subi	r24, 0xA1	; 161
 bcc:	9f 4f       	sbci	r25, 0xFF	; 255
 bce:	20 e9       	ldi	r18, 0x90	; 144
 bd0:	31 e0       	ldi	r19, 0x01	; 1
 bd2:	fc 01       	movw	r30, r24
 bd4:	31 83       	std	Z+1, r19	; 0x01
 bd6:	20 83       	st	Z, r18
_delay_loop_2():
/opt/microchip/xc8/v3.10/avr/avr/include/util/delay_basic.h:105
	__asm__ volatile (
 bd8:	ce 01       	movw	r24, r28
 bda:	81 5a       	subi	r24, 0xA1	; 161
 bdc:	9f 4f       	sbci	r25, 0xFF	; 255
 bde:	fc 01       	movw	r30, r24
 be0:	80 81       	ld	r24, Z
 be2:	91 81       	ldd	r25, Z+1	; 0x01
 be4:	01 97       	sbiw	r24, 0x01	; 1
 be6:	f1 f7       	brne	.-4      	; 0xbe4 <__stack+0x385>
 be8:	9e 01       	movw	r18, r28
 bea:	21 5a       	subi	r18, 0xA1	; 161
 bec:	3f 4f       	sbci	r19, 0xFF	; 255
 bee:	f9 01       	movw	r30, r18
 bf0:	91 83       	std	Z+1, r25	; 0x01
 bf2:	80 83       	st	Z, r24
_delay_ms():
/opt/microchip/xc8/v3.10/avr/avr/include/util/delay.h:202
			__ticks --;
 bf4:	ce 01       	movw	r24, r28
 bf6:	83 5a       	subi	r24, 0xA3	; 163
 bf8:	9f 4f       	sbci	r25, 0xFF	; 255
 bfa:	9e 01       	movw	r18, r28
 bfc:	23 5a       	subi	r18, 0xA3	; 163
 bfe:	3f 4f       	sbci	r19, 0xFF	; 255
 c00:	f9 01       	movw	r30, r18
 c02:	20 81       	ld	r18, Z
 c04:	31 81       	ldd	r19, Z+1	; 0x01
 c06:	21 50       	subi	r18, 0x01	; 1
 c08:	31 09       	sbc	r19, r1
 c0a:	fc 01       	movw	r30, r24
 c0c:	31 83       	std	Z+1, r19	; 0x01
 c0e:	20 83       	st	Z, r18
/opt/microchip/xc8/v3.10/avr/avr/include/util/delay.h:198
		while(__ticks)
 c10:	ce 01       	movw	r24, r28
 c12:	83 5a       	subi	r24, 0xA3	; 163
 c14:	9f 4f       	sbci	r25, 0xFF	; 255
 c16:	fc 01       	movw	r30, r24
 c18:	80 81       	ld	r24, Z
 c1a:	91 81       	ldd	r25, Z+1	; 0x01
 c1c:	89 2b       	or	r24, r25
 c1e:	a1 f6       	brne	.-88     	; 0xbc8 <__stack+0x369>
 c20:	2c c0       	rjmp	.+88     	; 0xc7a <__stack+0x41b>
/opt/microchip/xc8/v3.10/avr/avr/include/util/delay.h:207
		__ticks = (uint16_t)__tmp;
 c22:	8e 01       	movw	r16, r28
 c24:	03 5a       	subi	r16, 0xA3	; 163
 c26:	1f 4f       	sbci	r17, 0xFF	; 255
 c28:	ce 01       	movw	r24, r28
 c2a:	87 5a       	subi	r24, 0xA7	; 167
 c2c:	9f 4f       	sbci	r25, 0xFF	; 255
 c2e:	fc 01       	movw	r30, r24
 c30:	60 81       	ld	r22, Z
 c32:	71 81       	ldd	r23, Z+1	; 0x01
 c34:	82 81       	ldd	r24, Z+2	; 0x02
 c36:	93 81       	ldd	r25, Z+3	; 0x03
 c38:	0e 94 61 08 	call	0x10c2	; 0x10c2 <__fixunssfsi>
 c3c:	dc 01       	movw	r26, r24
 c3e:	cb 01       	movw	r24, r22
 c40:	f8 01       	movw	r30, r16
 c42:	91 83       	std	Z+1, r25	; 0x01
 c44:	80 83       	st	Z, r24
 c46:	ce 01       	movw	r24, r28
 c48:	8f 59       	subi	r24, 0x9F	; 159
 c4a:	9f 4f       	sbci	r25, 0xFF	; 255
 c4c:	9e 01       	movw	r18, r28
 c4e:	23 5a       	subi	r18, 0xA3	; 163
 c50:	3f 4f       	sbci	r19, 0xFF	; 255
 c52:	f9 01       	movw	r30, r18
 c54:	20 81       	ld	r18, Z
 c56:	31 81       	ldd	r19, Z+1	; 0x01
 c58:	fc 01       	movw	r30, r24
 c5a:	31 83       	std	Z+1, r19	; 0x01
 c5c:	20 83       	st	Z, r18
_delay_loop_2():
/opt/microchip/xc8/v3.10/avr/avr/include/util/delay_basic.h:105
 c5e:	ce 01       	movw	r24, r28
 c60:	8f 59       	subi	r24, 0x9F	; 159
 c62:	9f 4f       	sbci	r25, 0xFF	; 255
 c64:	fc 01       	movw	r30, r24
 c66:	80 81       	ld	r24, Z
 c68:	91 81       	ldd	r25, Z+1	; 0x01
 c6a:	01 97       	sbiw	r24, 0x01	; 1
 c6c:	f1 f7       	brne	.-4      	; 0xc6a <__stack+0x40b>
 c6e:	9e 01       	movw	r18, r28
 c70:	2f 59       	subi	r18, 0x9F	; 159
 c72:	3f 4f       	sbci	r19, 0xFF	; 255
 c74:	f9 01       	movw	r30, r18
 c76:	91 83       	std	Z+1, r25	; 0x01
 c78:	80 83       	st	Z, r24
main():
/home/mahmoud/Documents/faculty-temps/4th-year/semester-1/labs/lab1/communication-atmega32/atmega32-master/main.c:83

        _delay_ms(1000);
    }
 c7a:	85 ca       	rjmp	.-2806   	; 0x186 <main+0x11a>

Disassembly of section .text.libgcc.div:

000011b8 <__udivmodsi4>:
__udivmodsi4():
    11b8:	a1 e2       	ldi	r26, 0x21	; 33
    11ba:	1a 2e       	mov	r1, r26
    11bc:	aa 1b       	sub	r26, r26
    11be:	bb 1b       	sub	r27, r27
    11c0:	fd 01       	movw	r30, r26
    11c2:	0d c0       	rjmp	.+26     	; 0x11de <__udivmodsi4_ep>

000011c4 <__udivmodsi4_loop>:
    11c4:	aa 1f       	adc	r26, r26
    11c6:	bb 1f       	adc	r27, r27
    11c8:	ee 1f       	adc	r30, r30
    11ca:	ff 1f       	adc	r31, r31
    11cc:	a2 17       	cp	r26, r18
    11ce:	b3 07       	cpc	r27, r19
    11d0:	e4 07       	cpc	r30, r20
    11d2:	f5 07       	cpc	r31, r21
    11d4:	20 f0       	brcs	.+8      	; 0x11de <__udivmodsi4_ep>
    11d6:	a2 1b       	sub	r26, r18
    11d8:	b3 0b       	sbc	r27, r19
    11da:	e4 0b       	sbc	r30, r20
    11dc:	f5 0b       	sbc	r31, r21

000011de <__udivmodsi4_ep>:
    11de:	66 1f       	adc	r22, r22
    11e0:	77 1f       	adc	r23, r23
    11e2:	88 1f       	adc	r24, r24
    11e4:	99 1f       	adc	r25, r25
    11e6:	1a 94       	dec	r1
    11e8:	69 f7       	brne	.-38     	; 0x11c4 <__udivmodsi4_loop>
    11ea:	60 95       	com	r22
    11ec:	70 95       	com	r23
    11ee:	80 95       	com	r24
    11f0:	90 95       	com	r25
    11f2:	9b 01       	movw	r18, r22
    11f4:	ac 01       	movw	r20, r24
    11f6:	bd 01       	movw	r22, r26
    11f8:	cf 01       	movw	r24, r30
    11fa:	08 95       	ret

Disassembly of section .text:

00001436 <__cmpsf2>:
__cmpsf2():
    1436:	0e 94 b8 08 	call	0x1170	; 0x1170 <__fp_cmp>
    143a:	08 f4       	brcc	.+2      	; 0x143e <__cmpsf2+0x8>
    143c:	81 e0       	ldi	r24, 0x01	; 1
    143e:	08 95       	ret

Disassembly of section .text:

0000144a <__divsf3>:
__divsf3():
    144a:	0e 94 46 07 	call	0xe8c	; 0xe8c <__divsf3x>
    144e:	0c 94 e4 09 	jmp	0x13c8	; 0x13c8 <__fp_round>

Disassembly of section .text:

00000e8c <__divsf3x>:
__divsf3x():
 e8c:	10 c0       	rjmp	.+32     	; 0xeae <__divsf3x+0x22>
 e8e:	0e 94 07 0a 	call	0x140e	; 0x140e <__fp_pscB>
 e92:	58 f0       	brcs	.+22     	; 0xeaa <__divsf3x+0x1e>
 e94:	0e 94 00 0a 	call	0x1400	; 0x1400 <__fp_pscA>
 e98:	40 f0       	brcs	.+16     	; 0xeaa <__divsf3x+0x1e>
 e9a:	29 f4       	brne	.+10     	; 0xea6 <__divsf3x+0x1a>
 e9c:	5f 3f       	cpi	r21, 0xFF	; 255
 e9e:	29 f0       	breq	.+10     	; 0xeaa <__divsf3x+0x1e>
 ea0:	0c 94 15 0a 	jmp	0x142a	; 0x142a <__fp_inf>
 ea4:	51 11       	cpse	r21, r1
 ea6:	0c 94 0f 0a 	jmp	0x141e	; 0x141e <__fp_szero>
 eaa:	0c 94 2d 0a 	jmp	0x145a	; 0x145a <__fp_nan>
 eae:	0e 94 fe 08 	call	0x11fc	; 0x11fc <__fp_split3>
 eb2:	68 f3       	brcs	.-38     	; 0xe8e <__divsf3x+0x2>

00000eb4 <__divsf3_pse>:
 eb4:	99 23       	and	r25, r25
 eb6:	b1 f3       	breq	.-20     	; 0xea4 <__divsf3x+0x18>
 eb8:	55 23       	and	r21, r21
 eba:	91 f3       	breq	.-28     	; 0xea0 <__divsf3x+0x14>
 ebc:	95 1b       	sub	r25, r21
 ebe:	55 0b       	sbc	r21, r21
 ec0:	bb 27       	eor	r27, r27
 ec2:	aa 27       	eor	r26, r26
 ec4:	62 17       	cp	r22, r18
 ec6:	73 07       	cpc	r23, r19
 ec8:	84 07       	cpc	r24, r20
 eca:	38 f0       	brcs	.+14     	; 0xeda <__divsf3_pse+0x26>
 ecc:	9f 5f       	subi	r25, 0xFF	; 255
 ece:	5f 4f       	sbci	r21, 0xFF	; 255
 ed0:	22 0f       	add	r18, r18
 ed2:	33 1f       	adc	r19, r19
 ed4:	44 1f       	adc	r20, r20
 ed6:	aa 1f       	adc	r26, r26
 ed8:	a9 f3       	breq	.-22     	; 0xec4 <__divsf3_pse+0x10>
 eda:	35 d0       	rcall	.+106    	; 0xf46 <__divsf3_pse+0x92>
 edc:	0e 2e       	mov	r0, r30
 ede:	3a f0       	brmi	.+14     	; 0xeee <__divsf3_pse+0x3a>
 ee0:	e0 e8       	ldi	r30, 0x80	; 128
 ee2:	32 d0       	rcall	.+100    	; 0xf48 <__divsf3_pse+0x94>
 ee4:	91 50       	subi	r25, 0x01	; 1
 ee6:	50 40       	sbci	r21, 0x00	; 0
 ee8:	e6 95       	lsr	r30
 eea:	00 1c       	adc	r0, r0
 eec:	ca f7       	brpl	.-14     	; 0xee0 <__divsf3_pse+0x2c>
 eee:	2b d0       	rcall	.+86     	; 0xf46 <__divsf3_pse+0x92>
 ef0:	fe 2f       	mov	r31, r30
 ef2:	29 d0       	rcall	.+82     	; 0xf46 <__divsf3_pse+0x92>
 ef4:	66 0f       	add	r22, r22
 ef6:	77 1f       	adc	r23, r23
 ef8:	88 1f       	adc	r24, r24
 efa:	bb 1f       	adc	r27, r27
 efc:	26 17       	cp	r18, r22
 efe:	37 07       	cpc	r19, r23
 f00:	48 07       	cpc	r20, r24
 f02:	ab 07       	cpc	r26, r27
 f04:	b0 e8       	ldi	r27, 0x80	; 128
 f06:	09 f0       	breq	.+2      	; 0xf0a <__divsf3_pse+0x56>
 f08:	bb 0b       	sbc	r27, r27
 f0a:	80 2d       	mov	r24, r0
 f0c:	bf 01       	movw	r22, r30
 f0e:	ff 27       	eor	r31, r31
 f10:	93 58       	subi	r25, 0x83	; 131
 f12:	5f 4f       	sbci	r21, 0xFF	; 255
 f14:	3a f0       	brmi	.+14     	; 0xf24 <__divsf3_pse+0x70>
 f16:	9e 3f       	cpi	r25, 0xFE	; 254
 f18:	51 05       	cpc	r21, r1
 f1a:	78 f0       	brcs	.+30     	; 0xf3a <__divsf3_pse+0x86>
 f1c:	0c 94 15 0a 	jmp	0x142a	; 0x142a <__fp_inf>
 f20:	0c 94 0f 0a 	jmp	0x141e	; 0x141e <__fp_szero>
 f24:	5f 3f       	cpi	r21, 0xFF	; 255
 f26:	e4 f3       	brlt	.-8      	; 0xf20 <__divsf3_pse+0x6c>
 f28:	98 3e       	cpi	r25, 0xE8	; 232
 f2a:	d4 f3       	brlt	.-12     	; 0xf20 <__divsf3_pse+0x6c>
 f2c:	86 95       	lsr	r24
 f2e:	77 95       	ror	r23
 f30:	67 95       	ror	r22
 f32:	b7 95       	ror	r27
 f34:	f7 95       	ror	r31
 f36:	9f 5f       	subi	r25, 0xFF	; 255
 f38:	c9 f7       	brne	.-14     	; 0xf2c <__divsf3_pse+0x78>
 f3a:	88 0f       	add	r24, r24
 f3c:	91 1d       	adc	r25, r1
 f3e:	96 95       	lsr	r25
 f40:	87 95       	ror	r24
 f42:	97 f9       	bld	r25, 7
 f44:	08 95       	ret
 f46:	e1 e0       	ldi	r30, 0x01	; 1
 f48:	66 0f       	add	r22, r22
 f4a:	77 1f       	adc	r23, r23
 f4c:	88 1f       	adc	r24, r24
 f4e:	bb 1f       	adc	r27, r27
 f50:	62 17       	cp	r22, r18
 f52:	73 07       	cpc	r23, r19
 f54:	84 07       	cpc	r24, r20
 f56:	ba 07       	cpc	r27, r26
 f58:	20 f0       	brcs	.+8      	; 0xf62 <__divsf3_pse+0xae>
 f5a:	62 1b       	sub	r22, r18
 f5c:	73 0b       	sbc	r23, r19
 f5e:	84 0b       	sbc	r24, r20
 f60:	ba 0b       	sbc	r27, r26
 f62:	ee 1f       	adc	r30, r30
 f64:	88 f7       	brcc	.-30     	; 0xf48 <__divsf3_pse+0x94>
 f66:	e0 95       	com	r30
 f68:	08 95       	ret

Disassembly of section .text:

000010c2 <__fixunssfsi>:
__fixunssfsi():
    10c2:	0e 94 06 09 	call	0x120c	; 0x120c <__fp_splitA>
    10c6:	88 f0       	brcs	.+34     	; 0x10ea <__fixunssfsi+0x28>
    10c8:	9f 57       	subi	r25, 0x7F	; 127
    10ca:	98 f0       	brcs	.+38     	; 0x10f2 <__fixunssfsi+0x30>
    10cc:	b9 2f       	mov	r27, r25
    10ce:	99 27       	eor	r25, r25
    10d0:	b7 51       	subi	r27, 0x17	; 23
    10d2:	b0 f0       	brcs	.+44     	; 0x1100 <__fixunssfsi+0x3e>
    10d4:	e1 f0       	breq	.+56     	; 0x110e <__fixunssfsi+0x4c>
    10d6:	66 0f       	add	r22, r22
    10d8:	77 1f       	adc	r23, r23
    10da:	88 1f       	adc	r24, r24
    10dc:	99 1f       	adc	r25, r25
    10de:	1a f0       	brmi	.+6      	; 0x10e6 <__fixunssfsi+0x24>
    10e0:	ba 95       	dec	r27
    10e2:	c9 f7       	brne	.-14     	; 0x10d6 <__fixunssfsi+0x14>
    10e4:	14 c0       	rjmp	.+40     	; 0x110e <__fixunssfsi+0x4c>
    10e6:	b1 30       	cpi	r27, 0x01	; 1
    10e8:	91 f0       	breq	.+36     	; 0x110e <__fixunssfsi+0x4c>
    10ea:	0e 94 0e 0a 	call	0x141c	; 0x141c <__fp_zero>
    10ee:	b1 e0       	ldi	r27, 0x01	; 1
    10f0:	08 95       	ret
    10f2:	0c 94 0e 0a 	jmp	0x141c	; 0x141c <__fp_zero>
    10f6:	67 2f       	mov	r22, r23
    10f8:	78 2f       	mov	r23, r24
    10fa:	88 27       	eor	r24, r24
    10fc:	b8 5f       	subi	r27, 0xF8	; 248
    10fe:	39 f0       	breq	.+14     	; 0x110e <__fixunssfsi+0x4c>
    1100:	b9 3f       	cpi	r27, 0xF9	; 249
    1102:	cc f3       	brlt	.-14     	; 0x10f6 <__fixunssfsi+0x34>
    1104:	86 95       	lsr	r24
    1106:	77 95       	ror	r23
    1108:	67 95       	ror	r22
    110a:	b3 95       	inc	r27
    110c:	d9 f7       	brne	.-10     	; 0x1104 <__fixunssfsi+0x42>
    110e:	3e f4       	brtc	.+14     	; 0x111e <__fixunssfsi+0x5c>
    1110:	90 95       	com	r25
    1112:	80 95       	com	r24
    1114:	70 95       	com	r23
    1116:	61 95       	neg	r22
    1118:	7f 4f       	sbci	r23, 0xFF	; 255
    111a:	8f 4f       	sbci	r24, 0xFF	; 255
    111c:	9f 4f       	sbci	r25, 0xFF	; 255
    111e:	08 95       	ret

Disassembly of section .text:

00001170 <__fp_cmp>:
__fp_cmp():
    1170:	99 0f       	add	r25, r25
    1172:	00 08       	sbc	r0, r0
    1174:	55 0f       	add	r21, r21
    1176:	aa 0b       	sbc	r26, r26
    1178:	e0 e8       	ldi	r30, 0x80	; 128
    117a:	fe ef       	ldi	r31, 0xFE	; 254
    117c:	16 16       	cp	r1, r22
    117e:	17 06       	cpc	r1, r23
    1180:	e8 07       	cpc	r30, r24
    1182:	f9 07       	cpc	r31, r25
    1184:	c0 f0       	brcs	.+48     	; 0x11b6 <__fp_cmp+0x46>
    1186:	12 16       	cp	r1, r18
    1188:	13 06       	cpc	r1, r19
    118a:	e4 07       	cpc	r30, r20
    118c:	f5 07       	cpc	r31, r21
    118e:	98 f0       	brcs	.+38     	; 0x11b6 <__fp_cmp+0x46>
    1190:	62 1b       	sub	r22, r18
    1192:	73 0b       	sbc	r23, r19
    1194:	84 0b       	sbc	r24, r20
    1196:	95 0b       	sbc	r25, r21
    1198:	39 f4       	brne	.+14     	; 0x11a8 <__fp_cmp+0x38>
    119a:	0a 26       	eor	r0, r26
    119c:	61 f0       	breq	.+24     	; 0x11b6 <__fp_cmp+0x46>
    119e:	23 2b       	or	r18, r19
    11a0:	24 2b       	or	r18, r20
    11a2:	25 2b       	or	r18, r21
    11a4:	21 f4       	brne	.+8      	; 0x11ae <__fp_cmp+0x3e>
    11a6:	08 95       	ret
    11a8:	0a 26       	eor	r0, r26
    11aa:	09 f4       	brne	.+2      	; 0x11ae <__fp_cmp+0x3e>
    11ac:	a1 40       	sbci	r26, 0x01	; 1
    11ae:	a6 95       	lsr	r26
    11b0:	8f ef       	ldi	r24, 0xFF	; 255
    11b2:	81 1d       	adc	r24, r1
    11b4:	81 1d       	adc	r24, r1
    11b6:	08 95       	ret

Disassembly of section .text:

0000142a <__fp_inf>:
__fp_inf():
    142a:	97 f9       	bld	r25, 7
    142c:	9f 67       	ori	r25, 0x7F	; 127
    142e:	80 e8       	ldi	r24, 0x80	; 128
    1430:	70 e0       	ldi	r23, 0x00	; 0
    1432:	60 e0       	ldi	r22, 0x00	; 0
    1434:	08 95       	ret

Disassembly of section .text:

0000145a <__fp_nan>:
__fp_nan():
    145a:	9f ef       	ldi	r25, 0xFF	; 255
    145c:	80 ec       	ldi	r24, 0xC0	; 192
    145e:	08 95       	ret

Disassembly of section .text:

00001400 <__fp_pscA>:
__fp_pscA():
    1400:	00 24       	eor	r0, r0
    1402:	0a 94       	dec	r0
    1404:	16 16       	cp	r1, r22
    1406:	17 06       	cpc	r1, r23
    1408:	18 06       	cpc	r1, r24
    140a:	09 06       	cpc	r0, r25
    140c:	08 95       	ret

Disassembly of section .text:

0000140e <__fp_pscB>:
__fp_pscB():
    140e:	00 24       	eor	r0, r0
    1410:	0a 94       	dec	r0
    1412:	12 16       	cp	r1, r18
    1414:	13 06       	cpc	r1, r19
    1416:	14 06       	cpc	r1, r20
    1418:	05 06       	cpc	r0, r21
    141a:	08 95       	ret

Disassembly of section .text:

000013c8 <__fp_round>:
__fp_round():
    13c8:	09 2e       	mov	r0, r25
    13ca:	03 94       	inc	r0
    13cc:	00 0c       	add	r0, r0
    13ce:	11 f4       	brne	.+4      	; 0x13d4 <__fp_round+0xc>
    13d0:	88 23       	and	r24, r24
    13d2:	52 f0       	brmi	.+20     	; 0x13e8 <__fp_round+0x20>
    13d4:	bb 0f       	add	r27, r27
    13d6:	40 f4       	brcc	.+16     	; 0x13e8 <__fp_round+0x20>
    13d8:	bf 2b       	or	r27, r31
    13da:	11 f4       	brne	.+4      	; 0x13e0 <__fp_round+0x18>
    13dc:	60 ff       	sbrs	r22, 0
    13de:	04 c0       	rjmp	.+8      	; 0x13e8 <__fp_round+0x20>
    13e0:	6f 5f       	subi	r22, 0xFF	; 255
    13e2:	7f 4f       	sbci	r23, 0xFF	; 255
    13e4:	8f 4f       	sbci	r24, 0xFF	; 255
    13e6:	9f 4f       	sbci	r25, 0xFF	; 255
    13e8:	08 95       	ret

Disassembly of section .text:

000011fc <__fp_split3>:
__fp_split3():
    11fc:	57 fd       	sbrc	r21, 7
    11fe:	90 58       	subi	r25, 0x80	; 128
    1200:	44 0f       	add	r20, r20
    1202:	55 1f       	adc	r21, r21
    1204:	59 f0       	breq	.+22     	; 0x121c <__fp_splitA+0x10>
    1206:	5f 3f       	cpi	r21, 0xFF	; 255
    1208:	71 f0       	breq	.+28     	; 0x1226 <__fp_splitA+0x1a>
    120a:	47 95       	ror	r20

0000120c <__fp_splitA>:
    120c:	88 0f       	add	r24, r24
    120e:	97 fb       	bst	r25, 7
    1210:	99 1f       	adc	r25, r25
    1212:	61 f0       	breq	.+24     	; 0x122c <__fp_splitA+0x20>
    1214:	9f 3f       	cpi	r25, 0xFF	; 255
    1216:	79 f0       	breq	.+30     	; 0x1236 <__fp_splitA+0x2a>
    1218:	87 95       	ror	r24
    121a:	08 95       	ret
    121c:	12 16       	cp	r1, r18
    121e:	13 06       	cpc	r1, r19
    1220:	14 06       	cpc	r1, r20
    1222:	55 1f       	adc	r21, r21
    1224:	f2 cf       	rjmp	.-28     	; 0x120a <__fp_split3+0xe>
    1226:	46 95       	lsr	r20
    1228:	f1 df       	rcall	.-30     	; 0x120c <__fp_splitA>
    122a:	08 c0       	rjmp	.+16     	; 0x123c <__fp_splitA+0x30>
    122c:	16 16       	cp	r1, r22
    122e:	17 06       	cpc	r1, r23
    1230:	18 06       	cpc	r1, r24
    1232:	99 1f       	adc	r25, r25
    1234:	f1 cf       	rjmp	.-30     	; 0x1218 <__fp_splitA+0xc>
    1236:	86 95       	lsr	r24
    1238:	71 05       	cpc	r23, r1
    123a:	61 05       	cpc	r22, r1
    123c:	08 94       	sec
    123e:	08 95       	ret

Disassembly of section .text:

0000141c <__fp_zero>:
__fp_zero():
    141c:	e8 94       	clt

0000141e <__fp_szero>:
    141e:	bb 27       	eor	r27, r27
    1420:	66 27       	eor	r22, r22
    1422:	77 27       	eor	r23, r23
    1424:	cb 01       	movw	r24, r22
    1426:	97 f9       	bld	r25, 7
    1428:	08 95       	ret

Disassembly of section .text:

00001440 <__gesf2>:
__gesf2():
    1440:	0e 94 b8 08 	call	0x1170	; 0x1170 <__fp_cmp>
    1444:	08 f4       	brcc	.+2      	; 0x1448 <__gesf2+0x8>
    1446:	8f ef       	ldi	r24, 0xFF	; 255
    1448:	08 95       	ret

Disassembly of section .text:

00001452 <__mulsf3>:
__mulsf3():
    1452:	0e 94 b5 07 	call	0xf6a	; 0xf6a <__mulsf3x>
    1456:	0c 94 e4 09 	jmp	0x13c8	; 0x13c8 <__fp_round>

Disassembly of section .text:

00000f6a <__mulsf3x>:
__mulsf3x():
     f6a:	0f c0       	rjmp	.+30     	; 0xf8a <__mulsf3x+0x20>
     f6c:	0e 94 00 0a 	call	0x1400	; 0x1400 <__fp_pscA>
     f70:	38 f0       	brcs	.+14     	; 0xf80 <__mulsf3x+0x16>
     f72:	0e 94 07 0a 	call	0x140e	; 0x140e <__fp_pscB>
     f76:	20 f0       	brcs	.+8      	; 0xf80 <__mulsf3x+0x16>
     f78:	95 23       	and	r25, r21
     f7a:	11 f0       	breq	.+4      	; 0xf80 <__mulsf3x+0x16>
     f7c:	0c 94 15 0a 	jmp	0x142a	; 0x142a <__fp_inf>
     f80:	0c 94 2d 0a 	jmp	0x145a	; 0x145a <__fp_nan>
     f84:	11 24       	eor	r1, r1
     f86:	0c 94 0f 0a 	jmp	0x141e	; 0x141e <__fp_szero>
     f8a:	0e 94 fe 08 	call	0x11fc	; 0x11fc <__fp_split3>
     f8e:	70 f3       	brcs	.-36     	; 0xf6c <__mulsf3x+0x2>

00000f90 <__mulsf3_pse>:
     f90:	95 9f       	mul	r25, r21
     f92:	c1 f3       	breq	.-16     	; 0xf84 <__mulsf3x+0x1a>
     f94:	95 0f       	add	r25, r21
     f96:	50 e0       	ldi	r21, 0x00	; 0
     f98:	55 1f       	adc	r21, r21
     f9a:	62 9f       	mul	r22, r18
     f9c:	f0 01       	movw	r30, r0
     f9e:	72 9f       	mul	r23, r18
     fa0:	bb 27       	eor	r27, r27
     fa2:	f0 0d       	add	r31, r0
     fa4:	b1 1d       	adc	r27, r1
     fa6:	63 9f       	mul	r22, r19
     fa8:	aa 27       	eor	r26, r26
     faa:	f0 0d       	add	r31, r0
     fac:	b1 1d       	adc	r27, r1
     fae:	aa 1f       	adc	r26, r26
     fb0:	64 9f       	mul	r22, r20
     fb2:	66 27       	eor	r22, r22
     fb4:	b0 0d       	add	r27, r0
     fb6:	a1 1d       	adc	r26, r1
     fb8:	66 1f       	adc	r22, r22
     fba:	82 9f       	mul	r24, r18
     fbc:	22 27       	eor	r18, r18
     fbe:	b0 0d       	add	r27, r0
     fc0:	a1 1d       	adc	r26, r1
     fc2:	62 1f       	adc	r22, r18
     fc4:	73 9f       	mul	r23, r19
     fc6:	b0 0d       	add	r27, r0
     fc8:	a1 1d       	adc	r26, r1
     fca:	62 1f       	adc	r22, r18
     fcc:	83 9f       	mul	r24, r19
     fce:	a0 0d       	add	r26, r0
     fd0:	61 1d       	adc	r22, r1
     fd2:	22 1f       	adc	r18, r18
     fd4:	74 9f       	mul	r23, r20
     fd6:	33 27       	eor	r19, r19
     fd8:	a0 0d       	add	r26, r0
     fda:	61 1d       	adc	r22, r1
     fdc:	23 1f       	adc	r18, r19
     fde:	84 9f       	mul	r24, r20
     fe0:	60 0d       	add	r22, r0
     fe2:	21 1d       	adc	r18, r1
     fe4:	82 2f       	mov	r24, r18
     fe6:	76 2f       	mov	r23, r22
     fe8:	6a 2f       	mov	r22, r26
     fea:	11 24       	eor	r1, r1
     fec:	9f 57       	subi	r25, 0x7F	; 127
     fee:	50 40       	sbci	r21, 0x00	; 0
     ff0:	9a f0       	brmi	.+38     	; 0x1018 <__mulsf3_pse+0x88>
     ff2:	f1 f0       	breq	.+60     	; 0x1030 <__mulsf3_pse+0xa0>
     ff4:	88 23       	and	r24, r24
     ff6:	4a f0       	brmi	.+18     	; 0x100a <__mulsf3_pse+0x7a>
     ff8:	ee 0f       	add	r30, r30
     ffa:	ff 1f       	adc	r31, r31
     ffc:	bb 1f       	adc	r27, r27
     ffe:	66 1f       	adc	r22, r22
    1000:	77 1f       	adc	r23, r23
    1002:	88 1f       	adc	r24, r24
    1004:	91 50       	subi	r25, 0x01	; 1
    1006:	50 40       	sbci	r21, 0x00	; 0
    1008:	a9 f7       	brne	.-22     	; 0xff4 <__mulsf3_pse+0x64>
    100a:	9e 3f       	cpi	r25, 0xFE	; 254
    100c:	51 05       	cpc	r21, r1
    100e:	80 f0       	brcs	.+32     	; 0x1030 <__mulsf3_pse+0xa0>
    1010:	0c 94 15 0a 	jmp	0x142a	; 0x142a <__fp_inf>
    1014:	0c 94 0f 0a 	jmp	0x141e	; 0x141e <__fp_szero>
    1018:	5f 3f       	cpi	r21, 0xFF	; 255
    101a:	e4 f3       	brlt	.-8      	; 0x1014 <__mulsf3_pse+0x84>
    101c:	98 3e       	cpi	r25, 0xE8	; 232
    101e:	d4 f3       	brlt	.-12     	; 0x1014 <__mulsf3_pse+0x84>
    1020:	86 95       	lsr	r24
    1022:	77 95       	ror	r23
    1024:	67 95       	ror	r22
    1026:	b7 95       	ror	r27
    1028:	f7 95       	ror	r31
    102a:	e7 95       	ror	r30
    102c:	9f 5f       	subi	r25, 0xFF	; 255
    102e:	c1 f7       	brne	.-16     	; 0x1020 <__mulsf3_pse+0x90>
    1030:	fe 2b       	or	r31, r30
    1032:	88 0f       	add	r24, r24
    1034:	91 1d       	adc	r25, r1
    1036:	96 95       	lsr	r25
    1038:	87 95       	ror	r24
    103a:	97 f9       	bld	r25, 7
    103c:	08 95       	ret

Disassembly of section .text.__dummy_fini:

00001468 <_fini>:
__dummy_fini():
    1468:	08 95       	ret

Disassembly of section .text.__dummy_funcs_on_exit:

0000146a <__funcs_on_exit>:
__dummy_funcs_on_exit():
    146a:	08 95       	ret

Disassembly of section .text.__dummy_simulator_exit:

0000146c <__simulator_exit>:
__dummy_simulator_exit():
    146c:	08 95       	ret

Disassembly of section .text.exit:

000013ea <exit>:
exit():
    13ea:	ec 01       	movw	r28, r24
    13ec:	0e 94 35 0a 	call	0x146a	; 0x146a <__funcs_on_exit>
    13f0:	0e 94 34 0a 	call	0x1468	; 0x1468 <_fini>
    13f4:	ce 01       	movw	r24, r28
    13f6:	0e 94 36 0a 	call	0x146c	; 0x146c <__simulator_exit>
    13fa:	ce 01       	movw	r24, r28
    13fc:	0e 94 32 0a 	call	0x1464	; 0x1464 <_Exit>

Disassembly of section .text._Exit:

00001464 <_Exit>:
_Exit():
    1464:	0e 94 34 00 	call	0x68	; 0x68 <_exit>
